Handle,Title,Body HTML,Vendor,Type,Tags,Published,Option1 Name,Option1 Value,Variant SKU,Variant Price,Variant Compare At Price,Variant Inventory Qty,Variant Inventory Policy,Image Src,Image Position
cs-filtro-antiolor-heladera-consul-crm50-crm56,Filtro antiolor heladera Consul CRM50/CRM56 - W11360276,<p><span>Filtro antiolor para heladera Consul. Compatible con modelos CRM50/CRM56.</span></p>,Consul,Accesorios,"Repuestos, Consul",TRUE,Modelo,Default Title,47511909236885,15.35,,0,deny,https://cdn.shopify.com/s/files/1/0404/5540/5717/files/Filtroantiolor.jpg?v=1782852315,1
cs-filtro-bienestar-heladera-consul-crm50-crm55-crm44-crm51,Filtro Bienestar heladera Consul CRM50/CRM55/CRM44/CRM51 - W10515645,<p><span>Filtro Bienestar para heladera Consul. Compatible con modelos CRM50/CRM55/CRM44/CRM51. </span></p>,Consul,Accesorios,"Repuestos, Consul, stock-verificado",TRUE,Modelo,Default Title,47511901765781,20.46,,10,deny,https://cdn.shopify.com/s/files/1/0404/5540/5717/files/Filtrobienestar.jpg?v=1782852203,1
cs-heladera-consul-no-frost-crm50jkduw,Heladera 438L Consul Evox No Frost CRM50JKDUW,"<p>Heladera- Evox- 438 Litros</p>
<p>• Deshielo: No Frost<br>• Puertas: 2<br>• Configuración: 220V-50Hz<br>• Cantidad de masa refrigerante: 44 g<br>• Iluminación: LED<br>• Patas estabilizadoras<br>• Control de temperatura: interno</p>
<p><strong>Capacidad refrigerador:</strong> 314 lts<br><strong>Capacidad freezer:</strong> 124 lts</p>
<p><strong>Medidas</strong> (al x an x prof):<br>174 x 70 x 72,1 cm</p>
<p><strong>Medidas de embalaje</strong> (al x an x prof):<br>178,1 x 74,6 x 74,8 cm</p>
<p><strong>Peso: </strong>71 kg</p>
<p>Tipo de Embalaje: Termosellado/ Shrink</p>
<p>Garantía: 10 años de garantía en el compresor, 2 años por defecto de fabricación.</p>",Consul,Electro,"Heladeras, Consul, stock-verificado",TRUE,Modelo,Default Title,47489977483413,1114.07,,10,deny,https://cdn.shopify.com/s/files/1/0404/5540/5717/files/1-CRM50JKDUW.jpg?v=1782390455,1
cs-heladera-consul-no-frost-crm50jkduw,,,,,,,,,,,,,,https://cdn.shopify.com/s/files/1/0404/5540/5717/files/2-CRM50JKDUW.jpg?v=1782390454,2
cs-heladera-consul-no-frost-crm50jkduw,,,,,,,,,,,,,,https://cdn.shopify.com/s/files/1/0404/5540/5717/files/3-CRM50JKDUW.jpg?v=1782390454,3
cs-heladera-consul-no-frost-crm50jkduw,,,,,,,,,,,,,,https://cdn.shopify.com/s/files/1/0404/5540/5717/files/4-CRM50JKDUW.jpg?v=1782390454,4
cs-heladera-consul-no-frost-crm50jkduw,,,,,,,,,,,,,,https://cdn.shopify.com/s/files/1/0404/5540/5717/files/5-CRM50JKDUW.jpg?v=1782390454,5
cs-heladera-479l-inox-no-frost-crm56jkduw-consul,Heladera 479L Consul Inox No Frost CRM56JKDUW,"<p><span>Posee dos cubeteras y un cajón para almacenar el hielo. </span><span>Compartimiento para conservar las frutas y/o verduras. </span><span>Cuenta con patas estabilizadores que permiten nivelar adecuadamente la heladera para evitar ruidos y vibraciones.</span></p>
<p>Heladera- Inox- 479 Litros</p>
<p><strong>Espacio Adapt</strong><br>Estantes y bandejas que se pueden ajustar para optimizar el espacio.</p>
<p><strong>Control externo de temperatura</strong><br>Permite controlar la temperatura del refrigerador sin necesidad de abrir la puerta.</p>
<p><strong>Modos especiales</strong><br>Compras o Fiesta: funciones para cada momento, que optimizan la temperatura según la necesidad.</p>
<p><strong>Extra Frio</strong><br>Compartimiento especial para enfriar más rápido los alimentos.</p>
<p><strong>Panel seguro</strong><br>Función que permite bloquear y desbloquear el panel de control.<br></p>
<p>Sistema de descongelamiento: No Frost<br>Capacidad bruta<br>Total: 479L<br>Refrigerador: 355L<br>Freezer: 124L</p>
<p>Capacidad neta <br>Total: 451L<br>Refrigerador: 353L<br>Freezer: 98L</p>
<p>Color: Inox<br><strong>Origen: Brasil</strong></p>
<p><strong>Dimensiones del producto</strong> (Al x An x Prof): <br>186 x 70,2 X 72,1 cm<br>Ancho total del producto con las puertas abiertas a 90°: 117, 5 cm<br><br><strong>Dimensiones caja</strong> (Al x An x Prof): <br>189,5 x 73,2 x 74,5 cm<br><br><strong>Peso: 76 kg</strong><br><strong>Peso caja: 77 kg </strong></p>
<p><span><strong>• </strong></span>Rango de temperatura: Maximo - Medio - Minimo (Refrigerador) <br><span><strong>• </strong></span>Puerta Reversible: No<br><span><strong>• </strong></span>Display / Panel Touch: Si<br><span><strong>• </strong></span>Control de temperatura: Externo<br><span><strong>• </strong></span>Compartimento extrafrío: Si<br><span><strong>• </strong></span>Recipiente para hielo: Cubeteras<br><span><strong>• </strong></span>Congelamiento rápido: Si, Freezer Max<br><span><strong>• </strong></span>Alarma de puerta: Si<br><span><strong>• </strong></span>Traba de seguridad: Trabar y destrabar panel<br><span><strong>• </strong></span>Material de estantes: Vidrio<br><span><strong>• </strong></span>Cantidad de estantes en el refrigerador: 3<br><span><strong>• </strong></span>Cantidad de estantes en el freezer: 1<br><span><strong>• </strong></span>Crisper especial multiuso: Si<br><span><strong>• </strong></span>Crisper para frutas: Si, 1 frutas y 1 verduras</p>",Consul,Electro,"Heladeras, Consul, stock-verificado",TRUE,Modelo,Default Title,47486768939157,1165.22,,10,deny,https://cdn.shopify.com/s/files/1/0404/5540/5717/files/CRM56JKDUW-7.jpg?v=1782334522,1
cs-heladera-479l-inox-no-frost-crm56jkduw-consul,,,,,,,,,,,,,,https://cdn.shopify.com/s/files/1/0404/5540/5717/files/CRM56JKDUW-6.jpg?v=1782334522,2
cs-heladera-479l-inox-no-frost-crm56jkduw-consul,,,,,,,,,,,,,,https://cdn.shopify.com/s/files/1/0404/5540/5717/files/CRM56JKDUW-4.jpg?v=1782334522,3
cs-heladera-479l-inox-no-frost-crm56jkduw-consul,,,,,,,,,,,,,,https://cdn.shopify.com/s/files/1/0404/5540/5717/files/CRM56JKDUW-5.jpg?v=1782334522,4
cs-heladera-479l-inox-no-frost-crm56jkduw-consul,,,,,,,,,,,,,,https://cdn.shopify.com/s/files/1/0404/5540/5717/files/CRM56JKDUW-3.jpg?v=1782334522,5
cs-heladera-479l-inox-no-frost-crm56jkduw-consul,,,,,,,,,,,,,,https://cdn.shopify.com/s/files/1/0404/5540/5717/files/CRM56JKDUW-2.jpg?v=1782334522,6
cs-heladera-479l-inox-no-frost-crm56jkduw-consul,,,,,,,,,,,,,,https://cdn.shopify.com/s/files/1/0404/5540/5717/files/CRM56JKDUW.jpg?v=1782334522,7
cs-heladera-361l-consul-blanca-no-frost-crm40mbduw,Heladera 361L Consul Blanca No Frost CRM40MBDUW,"<p>Capacidad Bruta: 361 L<br>Capacidad Bruta del Refrigerador: 269L<br>Capacidad Bruta del Freezer: 92L</p>
<p>Capacidad Neta: 340L<br>Capacidad Neta del Refrigerador: 268L<br>Capacidad Neta del Freezer: 72L</p>
<p>Dimensiones del producto (AxAnxPr): 170,5 x 62,2 x 71,7 cm<br>Dimensiones con empaque (AxAnxPr): 173,8 x 65,2 x 75,2 cm</p>
<p>Peso Producto: 58,5kg</p>
<p>Eficiencia Energética: A</p>
<p><br>Características Generales    <br>Color: Blanco<br>Recipiente para hielo: Si<br><span style=""font-size: 0.875rem;"">Cantidad de Estantes:3<br></span>Material de los estantes: Vidrio templado en refrigerador / plástico en freezer <br>Compartimentos en la puerta Refrigerador: 3<br>Compartimentos en la puerta Freezer: 1<br>Compartimento extra frío: Si<br>Porta Huevos: No<br>Cajón de vegetales: Si<br>Display / Panel Touch: No<br>Iluminación: LED<br>Freezer Rango Temperatura: -18 / 5°C<br>Compartimiento botellas:  Si<br>Ruedas: Si<br>Voltaje (V): 230v / 50 Hz</p>
<p>Altura Flex: Estantes removibles para brindar mayor comodidad y aprovechamiento del interior del Refrigerador.    </p>
<p>Compartimento Extra Frío: División especial para enfriar tus productos más rápido sin congelar.</p>
<p>No Frost: Refrigera o congela tus alimentos mediante el reparto homogéneo de aire frío , sin necesidad de descongelar. <br></p>",Consul,Electro,"Heladeras, Consul, stock-verificado",TRUE,Modelo,Default Title,47486736629909,735.55,,10,deny,https://cdn.shopify.com/s/files/1/0404/5540/5717/files/1-CRM40MKDUW_1ffaf817-7f06-4a84-be70-5f5d31aad92d.jpg?v=1782333324,1
cs-heladera-361l-consul-blanca-no-frost-crm40mbduw,,,,,,,,,,,,,,https://cdn.shopify.com/s/files/1/0404/5540/5717/files/2-CRM40MKDUW_74118636-a93e-44ca-ab5c-f061dbe05b37.jpg?v=1782333325,2
cs-heladera-361l-consul-blanca-no-frost-crm40mbduw,,,,,,,,,,,,,,https://cdn.shopify.com/s/files/1/0404/5540/5717/files/3-CRM40MKDUW_719ca374-2883-4afb-8373-fe58d214b516.jpg?v=1782333325,3
cs-heladera-361l-consul-blanca-no-frost-crm40mbduw,,,,,,,,,,,,,,https://cdn.shopify.com/s/files/1/0404/5540/5717/files/4-CRM40MKDUW_cb084132-840c-45b3-920b-c52bdb06be95.jpg?v=1782333325,4
cs-heladera-361l-consul-blanca-no-frost-crm40mbduw,,,,,,,,,,,,,,https://cdn.shopify.com/s/files/1/0404/5540/5717/files/5-CRM40MKDUW_a1e17290-5b79-4f12-b802-feca1eeeceb9.jpg?v=1782333325,5
cs-heladera-361l-consul-blanca-no-frost-crm40mbduw,,,,,,,,,,,,,,https://cdn.shopify.com/s/files/1/0404/5540/5717/files/6-CRM40MKDUW_feb44957-c629-4d6a-8356-5b4fdf02c3e3.jpg?v=1782333324,6
cs-heladera-361l-consul-blanca-no-frost-crm40mbduw,,,,,,,,,,,,,,https://cdn.shopify.com/s/files/1/0404/5540/5717/files/7-CRM40MKDUW_53ed3e80-12e8-45b0-b153-b8edbcefa25d.jpg?v=1782333324,7
cs-heladera-361l-consul-blanca-no-frost-crm40mbduw,,,,,,,,,,,,,,https://cdn.shopify.com/s/files/1/0404/5540/5717/files/8-CRM40MKDUW_520fba65-0e65-4d13-9b85-464025b2ee9b.jpg?v=1782333324,8
cs-heladera-361l-consul-inox-no-frost-crm40mkduw,Heladera 361L Consul Inox No Frost CRM40MKDUW,"<p>Capacidad Bruta: 361 L<br>Capacidad Bruta del Refrigerador: 269L<br>Capacidad Bruta del Freezer: 92L</p>
<p>Capacidad Neta: 340L<br>Capacidad Neta del Refrigerador: 268L<br>Capacidad Neta del Freezer: 72L</p>
<p>Dimensiones del producto (AxAnxPr): 170,5 x 62,2 x 71,7 cm<br>Dimensiones con empaque (AxAnxPr): 173,8 x 65,2 x 75,2 cm</p>
<p>Peso Producto: 58,5kg</p>
<p>Eficiencia Energética: A</p>
<p><br>Características Generales    <br>Color: Plateado<br>Recipiente para hielo: Si<br>Cantidad de Estantes:3<br>Material de los estantes: Vidrio templado en refrigerador / plástico en freezer <br>Compartimentos en la puerta Refrigerador: 3<br><span style=""font-size: 0.875rem;"">Compartimentos en la puerta Freezer: 1<br></span>Compartimento extra frío: Si<br>Porta Huevos: No<br>Cajón de vegetales: Si<br>Display / Panel Touch: No<br>Iluminación: LED<br>Freezer Rango Temperatura: -18 / 5°C<br>Compartimiento botellas:  Si<br>Ruedas: Si<br>Voltaje (V): 230v / 50 Hz<br><br></p>
<p>Altura Flex: Estantes removibles para brindar mayor comodidad y aprovechamiento del interior del Refrigerador.    </p>
<p>Compartimento Extra Frío: División especial para enfriar tus productos más rápido sin congelar.</p>
<p>No Frost: Refrigera o congela tus alimentos mediante el reparto homogéneo de aire frío , sin necesidad de descongelar.   </p>",Consul,Electro,"Heladeras, Consul, stock-verificado",TRUE,Modelo,Default Title,47486713299093,715.09,,10,deny,https://cdn.shopify.com/s/files/1/0404/5540/5717/files/1-CRM40MKDUW.jpg?v=1782332690,1
cs-heladera-361l-consul-inox-no-frost-crm40mkduw,,,,,,,,,,,,,,https://cdn.shopify.com/s/files/1/0404/5540/5717/files/2-CRM40MKDUW.jpg?v=1782332690,2
cs-heladera-361l-consul-inox-no-frost-crm40mkduw,,,,,,,,,,,,,,https://cdn.shopify.com/s/files/1/0404/5540/5717/files/3-CRM40MKDUW.jpg?v=1782332690,3
cs-heladera-361l-consul-inox-no-frost-crm40mkduw,,,,,,,,,,,,,,https://cdn.shopify.com/s/files/1/0404/5540/5717/files/4-CRM40MKDUW.jpg?v=1782332690,4
cs-heladera-361l-consul-inox-no-frost-crm40mkduw,,,,,,,,,,,,,,https://cdn.shopify.com/s/files/1/0404/5540/5717/files/5-CRM40MKDUW.jpg?v=1782332690,5
cs-heladera-361l-consul-inox-no-frost-crm40mkduw,,,,,,,,,,,,,,https://cdn.shopify.com/s/files/1/0404/5540/5717/files/6-CRM40MKDUW.jpg?v=1782332690,6
cs-heladera-361l-consul-inox-no-frost-crm40mkduw,,,,,,,,,,,,,,https://cdn.shopify.com/s/files/1/0404/5540/5717/files/7-CRM40MKDUW.jpg?v=1782332690,7
cs-heladera-361l-consul-inox-no-frost-crm40mkduw,,,,,,,,,,,,,,https://cdn.shopify.com/s/files/1/0404/5540/5717/files/8-CRM40MKDUW.jpg?v=1782332690,8
cs-heladera-407l-consul-blanca-no-frost-crm44mbduw,Heladera 407L Consul Blanca No Frost CRM44MBDUW,"<p>Capacidad Bruta: 407 L<br>Capacidad Bruta del Refrigerador: 291L<br>Capacidad Bruta del Freezer: 116L</p>
<p>Capacidad Neta: 386L<br>Capacidad Neta del Refrigerador: 290L<br>Capacidad Neta del Freezer: 96L</p>
<p>Dimensiones del producto (AxAnxPr): 184,7 x 62,2 x 72,4 cm<br>Dimensiones con empaque (AxAnxPr): 188,6 x 66,7 x 75,4 cm</p>
<p>Peso Producto: 59,5kg</p>
<p>Eficiencia Energética: A</p>
<p><br>Características Generales    </p>
<p>Color: Blanco<br>Recipiente para hielo: Si<br>Cantidad de Estantes:3<br>Material de los estantes: Vidrio templado en refrigerador / plástico en freezer <br>Compartimentos en la puerta Refrigerador: 3<br>Compartimentos en la puerta Freezer: 1<br>Compartimento extra frío: Si<br>Porta Huevos: Si<br>Cajón de vegetales: Si<br>Display / Panel Touch: No<br>Iluminación: LED<br>Freezer Rango Temperatura: -18 / 5°C<br>Compartimiento botellas:  Si<br>Ruedas: Si<br>Voltaje (V): 230v / 50 Hz<br><br></p>
<p>Active Inverter: Permite mayor ahorro de energía, brindándole al producto mejor rendimiento y durabilidad.</p>
<p>Inox: Material de alta durabilidad y resistencia a la corrosión.</p>
<p>Altura Flex: Estantes removibles para brindar mayor comodidad y aprovechamiento del interior del Refrigerador.    </p>
<p>Compartimento Extra Frío: División especial para enfriar tus productos más rápido sin congelar.</p>
<p>No Frost: Refrigera o congela tus alimentos mediante el reparto homogéneo de aire frío , sin necesidad de descongelar.</p>",Consul,Electro,"Heladeras, Consul, stock-verificado",TRUE,Modelo,Default Title,47486552637589,960.61,,10,deny,https://cdn.shopify.com/s/files/1/0404/5540/5717/files/1-CRM44MBDUW.jpg?v=1782331160,1
cs-heladera-407l-consul-blanca-no-frost-crm44mbduw,,,,,,,,,,,,,,https://cdn.shopify.com/s/files/1/0404/5540/5717/files/2-CRM44MBDUW.jpg?v=1782331160,2
cs-heladera-407l-consul-blanca-no-frost-crm44mbduw,,,,,,,,,,,,,,https://cdn.shopify.com/s/files/1/0404/5540/5717/files/3-CRM44MBDUW.jpg?v=1782331160,3
cs-heladera-407l-consul-blanca-no-frost-crm44mbduw,,,,,,,,,,,,,,https://cdn.shopify.com/s/files/1/0404/5540/5717/files/4-CRM44MBDUW.jpg?v=1782331160,4
cs-heladera-407l-consul-blanca-no-frost-crm44mbduw,,,,,,,,,,,,,,https://cdn.shopify.com/s/files/1/0404/5540/5717/files/5-CRM44MBDUW.jpg?v=1782331160,5
cs-heladera-407l-consul-blanca-no-frost-crm44mbduw,,,,,,,,,,,,,,https://cdn.shopify.com/s/files/1/0404/5540/5717/files/6-CRM44MBDUW.jpg?v=1782331160,6
cs-heladera-407l-consul-blanca-no-frost-crm44mbduw,,,,,,,,,,,,,,https://cdn.shopify.com/s/files/1/0404/5540/5717/files/7-CRM44MBDUW.jpg?v=1782331160,7
cs-heladera-407l-consul-blanca-no-frost-crm44mbduw,,,,,,,,,,,,,,https://cdn.shopify.com/s/files/1/0404/5540/5717/files/8-CRM44MBDUW.jpg?v=1782331160,8
cs-heladera-407l-consul-blanca-no-frost-crm44mbduw,,,,,,,,,,,,,,https://cdn.shopify.com/s/files/1/0404/5540/5717/files/9-CRM44MBDUW.jpg?v=1782331160,9
cs-heladera-407l-consul-inox-no-frost-crm44mkduw,Heladera 407L Consul Inox No Frost CRM44MKDUW,"<p>Capacidad Bruta: 407 L<br>Capacidad Bruta del Refrigerador: 291L<br>Capacidad Bruta del Freezer: 116L</p>
<p>Capacidad Neta: 386L<br>Capacidad Neta del Refrigerador: 290L<br>Capacidad Neta del Freezer: 96L</p>
<p>Dimensiones del producto (AxAnxPr): 184,7 x 62,2 x 72,4 cm<br>Dimensiones con empaque (AxAnxPr): 188,6 x 66,7 x 75,4 cm</p>
<p>Peso Producto: 59,5kg</p>
<p>Eficiencia Energética: A</p>
<p><br>Características Generales<br>    <br>Color: Plateado<br>Recipiente para hielo: Si<br>Cantidad de Estantes:3<br>Material de los estantes: Vidrio templado en refrigerador / plástico en freezer <br>Compartimentos en la puerta Refrigerador: 3<br>Compartimentos en la puerta Freezer: 1<br>Compartimento extra frío: Si<br>Porta Huevos: Si<br>Cajón de vegetales: Si<br>Display / Panel Touch: No<br>Iluminación: LED<br>Freezer Rango Temperatura: -18 / 5°C<br>Compartimiento botellas:  Si<br>Ruedas: Si<br>Voltaje (V): 230v / 50 Hz<br><br></p>
<p>Active Inverter: Permite mayor ahorro de energía, brindándole al producto mejor rendimiento y durabilidad.</p>
<p>Inox: Material de alta durabilidad y resistencia a la corrosión.</p>
<p>Altura Flex: Estantes removibles para brindar mayor comodidad y aprovechamiento del interior del Refrigerador.    </p>
<p>Compartimento Extra Frío: División especial para enfriar tus productos más rápido sin congelar.</p>
<p>No Frost: Refrigera o congela tus alimentos mediante el reparto homogéneo de aire frío , sin necesidad de descongelar.</p>",Consul,Electro,"Heladeras, Consul, stock-verificado",TRUE,Modelo,Default Title,47486502174869,970.84,,10,deny,https://cdn.shopify.com/s/files/1/0404/5540/5717/files/1-CRM44MBDUW_c629e59b-ccf1-43d3-ae9a-4a1b101b2104.jpg?v=1782331683,1
cs-heladera-407l-consul-inox-no-frost-crm44mkduw,,,,,,,,,,,,,,https://cdn.shopify.com/s/files/1/0404/5540/5717/files/2-CRM44MBDUW_ead427c1-f895-4746-8dc1-2cf24749035e.jpg?v=1782331683,2
cs-heladera-407l-consul-inox-no-frost-crm44mkduw,,,,,,,,,,,,,,https://cdn.shopify.com/s/files/1/0404/5540/5717/files/3-CRM44MBDUW_daebb0ff-612b-4fba-a039-98384fac9063.jpg?v=1782331683,3
cs-heladera-407l-consul-inox-no-frost-crm44mkduw,,,,,,,,,,,,,,https://cdn.shopify.com/s/files/1/0404/5540/5717/files/4-CRM44MBDUW_b355070d-ea72-49fd-a3c4-28b9fb142626.jpg?v=1782331683,4
cs-heladera-407l-consul-inox-no-frost-crm44mkduw,,,,,,,,,,,,,,https://cdn.shopify.com/s/files/1/0404/5540/5717/files/5-CRM44MBDUW_f166dec4-53a1-4280-bb0c-ad8c044e5ed3.jpg?v=1782331683,5
cs-heladera-407l-consul-inox-no-frost-crm44mkduw,,,,,,,,,,,,,,https://cdn.shopify.com/s/files/1/0404/5540/5717/files/6-CRM44MBDUW_00ef7f74-91de-49c4-8200-cb91fa3b3ac8.jpg?v=1782331683,6
cs-heladera-407l-consul-inox-no-frost-crm44mkduw,,,,,,,,,,,,,,https://cdn.shopify.com/s/files/1/0404/5540/5717/files/7-CRM44MBDUW_46d26155-21c7-439a-b29a-a4b50bb9b444.jpg?v=1782331683,7
cs-heladera-407l-consul-inox-no-frost-crm44mkduw,,,,,,,,,,,,,,https://cdn.shopify.com/s/files/1/0404/5540/5717/files/8-CRM44MBDUW_77a331f1-64be-46ed-b077-836e2917e244.jpg?v=1782331683,8
cs-heladera-407l-consul-inox-no-frost-crm44mkduw,,,,,,,,,,,,,,https://cdn.shopify.com/s/files/1/0404/5540/5717/files/9-CRM44MBDUW_fd0d5013-15da-4d6a-9e0c-cca5e2cfe450.jpg?v=1782331683,9
cs-freezer-consul-chb53kbdwx,Freezer horizontal 536L CHB53MBDWX Consul,"<p><span>¡Una temperatura para cada ocasión! El Congelador Horizontal CHB53 de 536 litros (534 netos) con 2 tapas cuenta con control electrónico de temperatura que permite ajustar facilmente la temperatura y elegir entre el modo freezer y el modo refrigerador. Además posee tecnología Inverter.</span><br></p>
<p>Freezer Horizontal<br>País de Origen: Brasil<br>Capacidad Bruta (Ltr) 536L<br>Capacidad Neta (Ltr)  534L<br>Dimensiones del producto (AnxAxPr) 94.3 x 147 x 77.3<br>Dimensiones con empaque (AxAnxPr): 98 x 151 x 81<br>Peso Producto (kg) 61</p>
<p>Cantidad de puertas 2<br>Color Puerta y Gabinete Blanco<br>Rejilla organizadora <br>Control de Temperatura con panel Externo<br>Ruedas: Si<br>Voltaje - Frecuencia 230v / 50 Hz<br>Eficiencia Energetica: B</p>",Consul,Electro,"Heladeras, Consul, stock-verificado",TRUE,Modelo,Default Title,CHB53LBDWX,1165.22,,10,deny,https://cdn.shopify.com/s/files/1/0404/5540/5717/files/2CHB53LBDWX.jpg?v=1782328609,1
cs-freezer-consul-chb53kbdwx,,,,,,,,,,,,,,https://cdn.shopify.com/s/files/1/0404/5540/5717/files/1CHB53LBDWX.jpg?v=1782328609,2
cs-freezer-consul-chb53kbdwx,,,,,,,,,,,,,,https://cdn.shopify.com/s/files/1/0404/5540/5717/files/3CHB53LBDWX.jpg?v=1782328609,3
cs-freezer-consul-chb53kbdwx,,,,,,,,,,,,,,https://cdn.shopify.com/s/files/1/0404/5540/5717/files/4CHB53LBDWX.jpg?v=1782328608,4
cs-freezer-consul-chb53kbdwx,,,,,,,,,,,,,,https://cdn.shopify.com/s/files/1/0404/5540/5717/files/5CHB53LBDWX.jpg?v=1782328609,5
cs-cervecera-titanium-czd12btdwk,Cervecera Titanium 82 L CZD12BTDWK Consul,"<p>Cervecera titanio 82 Litros</p>
<p><span>•</span>Tipo: No Frost<br><span>•</span>Capacidad neta: 82 Litros<br><span>•</span>Capacidad bruta: 120 Litros<br><span>•</span>Voltaje: 220 V<br><span>•</span>Niveles de temperatura: 5 niveles (de -4° C a 5° C)<br><br><br><strong>Combiná latas, botellas, barriles o growlers.<br></strong><br>20 Botellas de 1 l<br>75 Latas de 350 ml<br>60 Botellas de 355 ml<br>53 Latas de de 473 ml<br>7 Growlers<br>4 Barriles</p>
<p><strong>Origen Brasil</strong><br><strong></strong></p>
<p><strong>Medidas </strong>(al x an x prof):<br></p>
<p>86,4 x 48,4 x 58,5 cm<br><br><span data-sheets-userformat='{""2"":14783,""3"":{""1"":0,""3"":1},""4"":{""1"":2,""2"":16777215},""5"":{""1"":[{""1"":2,""2"":0,""5"":{""1"":0}},{""1"":0,""2"":0,""3"":3},{""1"":1,""2"":0,""4"":1}]},""6"":{""1"":[{""1"":2,""2"":0,""5"":{""1"":2,""2"":8355711}},{""1"":0,""2"":0,""3"":3},{""1"":1,""2"":0,""4"":1}]},""7"":{""1"":[{""1"":2,""2"":0,""5"":{""1"":0}},{""1"":0,""2"":0,""3"":3},{""1"":1,""2"":0,""4"":1}]},""8"":{""1"":[{""1"":2,""2"":0,""5"":{""1"":0}},{""1"":0,""2"":0,""3"":3},{""1"":1,""2"":0,""4"":1}]},""10"":1,""11"":4,""14"":{""1"":2,""2"":8355711},""15"":""Arial"",""16"":14}' data-sheets-value='{""1"":2,""2"":""Combiná latas, botellas, barriles o growlers.\n\n20 Botellas 1 lts\n75 Latas 350 ml\n60 Botellas 355 ml\n53 Latas de 473 ml\n7 Growlers\n4 Barriles ""}'><strong>Medidas embalaje</strong> (al x an x prof):<br></span><span data-sheets-userformat='{""2"":14783,""3"":{""1"":0,""3"":1},""4"":{""1"":2,""2"":16777215},""5"":{""1"":[{""1"":2,""2"":0,""5"":{""1"":0}},{""1"":0,""2"":0,""3"":3},{""1"":1,""2"":0,""4"":1}]},""6"":{""1"":[{""1"":2,""2"":0,""5"":{""1"":2,""2"":8355711}},{""1"":0,""2"":0,""3"":3},{""1"":1,""2"":0,""4"":1}]},""7"":{""1"":[{""1"":2,""2"":0,""5"":{""1"":0}},{""1"":0,""2"":0,""3"":3},{""1"":1,""2"":0,""4"":1}]},""8"":{""1"":[{""1"":2,""2"":0,""5"":{""1"":0}},{""1"":0,""2"":0,""3"":3},{""1"":1,""2"":0,""4"":1}]},""10"":1,""11"":4,""14"":{""1"":2,""2"":8355711},""15"":""Arial"",""16"":14}' data-sheets-value='{""1"":2,""2"":""Combiná latas, botellas, barriles o growlers.\n\n20 Botellas 1 lts\n75 Latas 350 ml\n60 Botellas 355 ml\n53 Latas de 473 ml\n7 Growlers\n4 Barriles ""}'>90,7 x 52,4 x 64,0 cm</span><span data-sheets-userformat='{""2"":14783,""3"":{""1"":0,""3"":1},""4"":{""1"":2,""2"":16777215},""5"":{""1"":[{""1"":2,""2"":0,""5"":{""1"":0}},{""1"":0,""2"":0,""3"":3},{""1"":1,""2"":0,""4"":1}]},""6"":{""1"":[{""1"":2,""2"":0,""5"":{""1"":2,""2"":8355711}},{""1"":0,""2"":0,""3"":3},{""1"":1,""2"":0,""4"":1}]},""7"":{""1"":[{""1"":2,""2"":0,""5"":{""1"":0}},{""1"":0,""2"":0,""3"":3},{""1"":1,""2"":0,""4"":1}]},""8"":{""1"":[{""1"":2,""2"":0,""5"":{""1"":0}},{""1"":0,""2"":0,""3"":3},{""1"":1,""2"":0,""4"":1}]},""10"":1,""11"":4,""14"":{""1"":2,""2"":8355711},""15"":""Arial"",""16"":14}' data-sheets-value='{""1"":2,""2"":""Combiná latas, botellas, barriles o growlers.\n\n20 Botellas 1 lts\n75 Latas 350 ml\n60 Botellas 355 ml\n53 Latas de 473 ml\n7 Growlers\n4 Barriles ""}'></span></p>
<p><span data-sheets-userformat='{""2"":14783,""3"":{""1"":0,""3"":1},""4"":{""1"":2,""2"":16777215},""5"":{""1"":[{""1"":2,""2"":0,""5"":{""1"":0}},{""1"":0,""2"":0,""3"":3},{""1"":1,""2"":0,""4"":1}]},""6"":{""1"":[{""1"":2,""2"":0,""5"":{""1"":2,""2"":8355711}},{""1"":0,""2"":0,""3"":3},{""1"":1,""2"":0,""4"":1}]},""7"":{""1"":[{""1"":2,""2"":0,""5"":{""1"":0}},{""1"":0,""2"":0,""3"":3},{""1"":1,""2"":0,""4"":1}]},""8"":{""1"":[{""1"":2,""2"":0,""5"":{""1"":0}},{""1"":0,""2"":0,""3"":3},{""1"":1,""2"":0,""4"":1}]},""10"":1,""11"":4,""14"":{""1"":2,""2"":8355711},""15"":""Arial"",""16"":14}' data-sheets-value='{""1"":2,""2"":""Combiná latas, botellas, barriles o growlers.\n\n20 Botellas 1 lts\n75 Latas 350 ml\n60 Botellas 355 ml\n53 Latas de 473 ml\n7 Growlers\n4 Barriles ""}'><strong>Peso embalado</strong>: 31 kg<br><strong>Peso sin embalaje</strong>: 30 kg</span></p>
<p><span data-sheets-userformat='{""2"":14783,""3"":{""1"":0,""3"":1},""4"":{""1"":2,""2"":16777215},""5"":{""1"":[{""1"":2,""2"":0,""5"":{""1"":0}},{""1"":0,""2"":0,""3"":3},{""1"":1,""2"":0,""4"":1}]},""6"":{""1"":[{""1"":2,""2"":0,""5"":{""1"":2,""2"":8355711}},{""1"":0,""2"":0,""3"":3},{""1"":1,""2"":0,""4"":1}]},""7"":{""1"":[{""1"":2,""2"":0,""5"":{""1"":0}},{""1"":0,""2"":0,""3"":3},{""1"":1,""2"":0,""4"":1}]},""8"":{""1"":[{""1"":2,""2"":0,""5"":{""1"":0}},{""1"":0,""2"":0,""3"":3},{""1"":1,""2"":0,""4"":1}]},""10"":1,""11"":4,""14"":{""1"":2,""2"":8355711},""15"":""Arial"",""16"":14}' data-sheets-value='{""1"":2,""2"":""Combiná latas, botellas, barriles o growlers.\n\n20 Botellas 1 lts\n75 Latas 350 ml\n60 Botellas 355 ml\n53 Latas de 473 ml\n7 Growlers\n4 Barriles ""}'><strong>Garantía</strong>: 10 años de garantía en el compresor, 2 años por defecto de fabricación.</span></p>",Consul,Electro,"Heladeras, Consul, stock-verificado",TRUE,Modelo,Default Title,CZD12BTDWK,715.09,,10,deny,https://cdn.shopify.com/s/files/1/0404/5540/5717/files/1CZD12BTDWX.jpg?v=1782327721,1
cs-cervecera-titanium-czd12btdwk,,,,,,,,,,,,,,https://cdn.shopify.com/s/files/1/0404/5540/5717/files/2_CZD12BTDWX.jpg?v=1782327728,2
cs-cervecera-titanium-czd12btdwk,,,,,,,,,,,,,,https://cdn.shopify.com/s/files/1/0404/5540/5717/files/3_CZD12BTDWX.jpg?v=1782327732,3
cs-cervecera-titanium-czd12btdwk,,,,,,,,,,,,,,https://cdn.shopify.com/s/files/1/0404/5540/5717/files/4_CZD12BTDWX.jpg?v=1782327734,4
cs-cervecera-titanium-czd12btdwk,,,,,,,,,,,,,,https://cdn.shopify.com/s/files/1/0404/5540/5717/files/5_CZD12BTDWX.jpg?v=1782327738,5
cs-microondas-consul-cms20wf25z,Microondas 20 L Inox CMS20WF25Z Consul,"<p>Reduce tu consumo energético: puedes apagar el panel digital de tu microondas cuando no lo utilices para ahorrar más energía y minimizar el gasto de tu boleta de luz. </p>
<p>Microondas- Blanco- 20 lts<br></p>
<p><strong>Medidas<span> </span></strong>(al x an x prof):<br>26,2 x 45,5 x 35,2 cm<br><br><strong>Medidas embalado </strong><span>(al x an x prof):</span><br>29,2 x 49,6 x 38,9  cm<br><br><strong>Peso Bruto</strong> 11,3 kg<br><strong>Peso Neto</strong> 10,5 kg<br><br><strong>• </strong>Container loading QTY  1290 (40HQ) / 556 (20ft)<br><strong>• </strong>Características Generales <br><strong>• </strong>Tensión 220V 50Hz<br><strong>• </strong>Color Blanco<br><strong>• </strong>Display 40mm x 22mm LED<br><strong>• </strong>Color Display Verde<br><strong>• </strong>Control Electrónico<br><strong>• </strong>Cavidad Pintada blanca<br><strong>• </strong>MW Output Power (W) 700 W<br><strong>• </strong>Grill: no<br><strong>• </strong>Grill Power N/A<br><strong>• </strong>Plato giratorio: si<br><strong>• </strong>Apertura Lateral<br><strong>• </strong>Lámpara Incandescente 20W<br><strong>• </strong>Manual Español<br><br><strong>Origen China</strong><strong></strong></p>",Consul,Electro,"Cocinas, Consul, stock-verificado",TRUE,Modelo,Default Title,CMS20WF25Z,142.2,,10,deny,https://cdn.shopify.com/s/files/1/0404/5540/5717/files/1CMS20WF25Z.jpg?v=1782326751,1
cs-microondas-consul-cms20wf25z,,,,,,,,,,,,,,https://cdn.shopify.com/s/files/1/0404/5540/5717/files/2_CMS20WF25Z.jpg?v=1782326762,2
cs-microondas-consul-cms20sf25z,Microondas 20 L CMS20SF25Z Consul,"<p>Reduce tu consumo energético: puedes apagar el panel digital de tu microondas cuando no lo utilices para ahorrar más energía y minimizar el gasto de tu boleta de luz.<br><br>Microondas 20L plata<br><br><strong>Medidas </strong>(al x an x prof):<br>26,2 x 45,5 x 35,2 cm<br><br><strong>Medidas embalado </strong><span>(al x an x prof):</span><br>29,2 x 49,6 x 38,9  cm<br><br><strong>Peso bruto</strong>: 11,3 kg<br><strong>Peso neto</strong>: 10,5 kg<br><br><strong>• </strong>Tensión 220V 50Hz<br><strong>• </strong>Color Plata<br><strong>• </strong>Display 40mm x 22mm LED<br><strong>• </strong>Color Display Verde<br><strong>• </strong>Control Electrónico<br><strong>• </strong>Cavidad Pintada blanca<br><strong>• </strong>MW Output Power (W) 700 W<br><strong>• </strong>Grill No<br><strong>• </strong>Apertura Lateral<br><strong>• </strong>Lámpara Incandescente 20W<br><strong>• </strong>Manual Español<br></p>
<p><strong>Origen China</strong></p>",Consul,Electro,"Cocinas, Consul, stock-verificado",TRUE,Modelo,Default Title,CMS20SF25Z,142.2,,10,deny,https://cdn.shopify.com/s/files/1/0404/5540/5717/files/2_CMS20SF25Z.jpg?v=1782325243,1
cs-microondas-consul-cms20sf25z,,,,,,,,,,,,,,https://cdn.shopify.com/s/files/1/0404/5540/5717/files/1CMS20SF25Z.jpg?v=1782325234,2
cs-microondas-consul-cms20sf25z,,,,,,,,,,,,,,https://cdn.shopify.com/s/files/1/0404/5540/5717/files/3_CMS20SF25Z.jpg?v=1782325262,3
