Handle,Title,Body HTML,Vendor,Type,Tags,Published,Option1 Name,Option1 Value,Variant SKU,Variant Price,Variant Compare At Price,Variant Inventory Qty,Variant Inventory Policy,Image Src,Image Position,Status,Command
en-bona-classic-ux-sellador,Bona Classic UX - Sellador,". Sellador al agua. Uso: sellado de pisos de madera interiores, previo a la aplicación de Barnices. Incoloro. Pronto uso. Fácil aplicación. Rápido secado. Fácil lijado. Apto calefacción radiante. Sin olor. Certificado GREENGUARD: bajas emisiones químicas en espacios cerrados. Aplicación: Consultar ficha técnica. Fabricado en Suecia",Bona,Construcción,"Pinturas, Bona, stock-verificado",TRUE,Título,Default Title,BWB100613001/01,36.26,,10,deny,https://cfluna.com/enkotienda.com.uy/cdn/files/tmp/compressed/normal/stt6lnwbs0k0fkxm6oqe.jpg,1,,
en-bona-traffic-go-plastificante-base-agua,Bona Traffic Go - Plastificante base agua,". Barniz - plastificante al agua . Tránsito alto. Uso: protección y acabado de pisos de madera interiores. Incoloro. Pronto uso. Fácil aplicación. Sin Olor. Crosslink: nueva generación de tecnología de endurecimiento y eficacia de un barniz de un componente con la durabilidad y el rendimiento de un producto de 2 componentes. Certificados: EMICODE; EC1, GreenGuard Gold, EN13501-1. Aplicación: consultar ficha técnica. Fabricado en Suecia",Bona,Construcción,"Pinturas, Bona, stock-verificado",TRUE,Título,Default Title,BWT400320001/05,233.63,,10,deny,https://cfluna.com/enkotienda.com.uy/cdn/files/tmp/compressed/normal/zpikzno387gai94ucdrw.jpg,1,,
en-bona-mega-plastificante-base-agua,Bona Mega- Plastificante base agua,". Barniz - plastificante al agua . Tránsito medio/alto. Uso: protección y acabado de pisos de madera interiores. Incoloro. Pronto uso . Fácil aplicación. Sin Olor. Certificados: EMICODE; EC1, GreenGuard Gold, EN13501-1. Aplicación: consultar ficha técnica . Fabricado en Suecia",Bona,Construcción,"Pinturas, Bona, stock-verificado",TRUE,Título,Default Title,BWT133013/01,44.47,,10,deny,https://cfluna.com/enkotienda.com.uy/cdn/files/tmp/compressed/normal/zljz50jzlpkl0jbzbfjg.jpg,1,,
en-bona-decking-oil-aceite-para-decks,Bona Decking Oil - Aceite para Decks,. Aceite para decks de madera. Uso: protección y acabado de decks de madera. Pronto uso . Fácil aplicación . Alto rendimiento . Fácil mantenimiento . Antideslizante . Nutre la madera . Realza la veta natural de la madera . Contiene protección UV contra el blanqueamiento . Repele al agua . Bajo contenido de COV . Bajo olor . Reduce el agrietamiento . Realizar limpieza y mantenimiento . Aplicación/Mantenimiento: consultar ficha técnica . Fabricado en Suecia,Bona,Construcción,"Pinturas, Bona, stock-verificado",TRUE,Título,Default Title,BGT551115001/2A,114.95,,10,deny,https://cfluna.com/enkotienda.com.uy/cdn/files/tmp/compressed/normal/33og4cpciqdxpdwk9xsx.jpg,1,,
en-bona-mix-amp-fill-plus-masilla-altos-solidos,Bona Mix&Fill Plus - Masilla altos sólidos,. Masilla al agua  con elevado contenido de sólidos. Uso: Relleno de juntas y huecos de pisos de madera . Diseñado para mezclar con&nbsp;aserrín de madera para lograr color y consistencia adecuada. Muy buena capacidad de relleno . Fácil aplicación . Rápido secado . Fácil lijado . Para juntas de hasta 3mm . Aplicación: consultar ficha técnica . Fabricado en Suecia,Bona,Construcción,"Pinturas, Bona, stock-verificado",TRUE,Título,Default Title,BWF2200200/05,155.73,,10,deny,https://cfluna.com/enkotienda.com.uy/cdn/files/tmp/compressed/normal/8ors7s8fcyy2wz41025r.jpg,1,,
en-bona-gap-master-masilla-elastica,Bona Gap Master - Masilla elástica,. Masilla elástica . Uso: Relleno de huecos de pisos y zócalos de madera . Fácil aplicación . Elasticidad permanente . Sin olor . Sin siliconas ni disolventes . Apto para barnices Bona . Óptima adherencia. Aplicación: consultar ficha técnica . Fabricado en Suecia,Bona,Construcción,"Pinturas, Bona, stock-verificado",TRUE,Título,Default Title,BAF441131200/UU,19.56,,10,deny,https://cfluna.com/enkotienda.com.uy/cdn/files/tmp/compressed/normal/qjhxm9kaj4t5h2tdtixb.jpg,1,,
en-bona-r848-adhesivo-silano,Bona R848 - Adhesivo Silano,. Adhesivo base silano modificado de alta elasticiadad y poder de pegado . Uso: pegado de pisos de madera interiores . Fácil aplicación . Un solo componente . Gran estabilidad de las crestas de la espátula dentada . Controla el movimiento/tensión de la madera . Endurece mediante reacción con la humedad . Gran durabilidad de pegado . Sin agua ni disolventes . Muy bajas emisiones EC1 Plus . Permite tránsito luego de 24hs . Aplicación: Consultar ficha técnica . Fabricado en Suecia,Bona,Construcción,"Pinturas, Bona, stock-verificado",TRUE,Título,Default Title,BBR84802800/15,198.37,,10,deny,https://cfluna.com/enkotienda.com.uy/cdn/files/tmp/compressed/normal/w7houc7y0tyxqg5p7201.jpg,1,,
en-bona-adhesivo-multiproposito-vertical,Bona Adhesivo Multipropósito Vertical,". Adhesivo elástico de Silano . Uso: pegado de madera, metal, piedra, cerámica, etc. . Fácil aplicación . Un solo componente . Gran fuerza de adhesión inicial . Adecuado para uniones, incluyendo plásticos . Sin agua ni disolventes . Se puede recubrir o pintar . Aplicación: consultar ficha técnica . Fabricado en Suecia",Bona,Construcción,"Pinturas, Bona, stock-verificado",TRUE,Título,Default Title,BBRVER00300/UU,19.12,,10,deny,https://cfluna.com/enkotienda.com.uy/cdn/files/tmp/compressed/normal/nqzeogym59amnrwbu01h.png,1,,
en-bona-impregnante-barrera-humedad-para-pisos,Bona Impregnante/Barrera Humedad para pisos,. Imprimación/Barrera antihumedad de poliuretano . Uso:&nbsp;Protección de todo tipo de madera expuesta al exterior previo a la aplicación de un barniz de la línea Hydrocrom. Fácil aplicación . Un solo componente . Apto con subsuelos de hasta 4% de humedad. Compatible con adhesivos Bona . Aplicación: consultar ficha técnica . Fabricado en Suecia,Bona,Construcción,"Pinturas, Bona, stock-verificado",TRUE,Título,Default Title,BBR54002200/06,173.92,,10,deny,https://cfluna.com/enkotienda.com.uy/cdn/files/tmp/compressed/normal/42aig56syomsf44nue1x.jpg,1,,
en-bona-rodillo-microfleece-para-barnices-bona,Bona Rodillo Microfleece -Para Barnices Bona,. Rodillo profesional de microfibra . Uso: para aplicación de Barnices Bona . Incluye protectores laterales para mantener una aplicación constante . Fabricado en Suecia,Bona,Herramientas,"Bona, stock-verificado",TRUE,Título,Default Title,BAT31001000/UU,39.11,,10,deny,https://cfluna.com/enkotienda.com.uy/cdn/files/tmp/compressed/normal/igat22np4sf0tvoi1fdq.jpg,1,,
en-bona-mango-para-rodillo,Bona Mango para rodillo,. Mango resistente para rodillos Bona . Tamaño: 25cm . Fabricado en Suecia,Bona,Herramientas,"Bona, stock-verificado",TRUE,Título,Default Title,BAT31014001/UU,8.02,,10,deny,https://cfluna.com/enkotienda.com.uy/cdn/files/tmp/compressed/normal/1epho77hd8rfd55tdmou.jpg,1,,
en-bona-aplicador-de-aceite,Bona Aplicador de aceite,. Aplicador de fibra sintética . Uso: aplicación de aceites Bona . Fabricado en Suecia,Bona,Construcción,"Pinturas, Bona, stock-verificado",TRUE,Título,Default Title,BAT954224/UU,24.52,,10,deny,https://cfluna.com/enkotienda.com.uy/cdn/files/tmp/compressed/normal/dl5mbiqs1f237uefre8m.jpg,1,,
en-bona-mango-para-aplicador-de-aceite,Bona Mango para aplicador de aceite,. Mango para aplicador de aceite . Cabezal giratorio . Fabricado en Suecia,Bona,Construcción,"Pinturas, Bona, stock-verificado",TRUE,Título,Default Title,BAT954225/UU,67.05,,10,deny,https://cfluna.com/enkotienda.com.uy/cdn/files/tmp/compressed/normal/aqpa3icg2w8qhgddb4bn.jpg,1,,
en-bona-mango-de-rodillo-aplicador-grandes-superficies,Bona Mango de Rodillo aplicador grandes superficies,. Mango para rodillo de grandes superficies . Tamaño: 46cm . Fabricado en Suecia,Bona,Herramientas,"Bona, stock-verificado",TRUE,Título,Default Title,BAT956904/UU,109.79,,10,deny,https://cfluna.com/enkotienda.com.uy/cdn/files/tmp/compressed/normal/yeqkgm5isk74zkddeurv.jpg,1,,
en-bona-rodillo-grandes-superficies,Bona Rodillo grandes superficies,. Rodillo de espuma y fibra sintética . Uso: aplicación de barnices Bona . Tamaño: 46cm . Indicado para utilizar en grandes superficies . Fabricado en Suecia,Bona,Herramientas,"Bona, stock-verificado",TRUE,Título,Default Title,BAT956903/UU,49.11,,10,deny,https://cfluna.com/enkotienda.com.uy/cdn/files/tmp/compressed/normal/adi2puntpxjmkomwy86i.jpg,1,,
en-bona-espatula-aplicador-de-adhesivos,Bona Espátula - Aplicador de adhesivos,. Espátula dentada . Uso: aplicación de adhesivos Bona . Disponible en dos tamaños con distintos gramos de cobertura . Fabricada en Suecia,Bona,Herramientas,"Bona, stock-verificado",TRUE,Título,Default Title,BAT31402250/UU,9.21,,10,deny,https://cfluna.com/enkotienda.com.uy/cdn/files/tmp/compressed/normal/148hw5d24n3nnq38ap49.jpg,1,,
en-bona-pistola-manual-aplicadora-de-adhesivo,Bona Pistola Manual - Aplicadora de Adhesivo,. Pistola manual . Uso: aplicación de adhesivo BR848 en presentación de 600ml . Fabricada en Suecia,Bona,Herramientas,"Bona, stock-verificado",TRUE,Título,Default Title,BAT32042000/UU,221.95,,10,deny,https://cfluna.com/enkotienda.com.uy/cdn/files/tmp/compressed/normal/zrk8jfux6mmdhwd6kd1k.jpg,1,,
en-bona-pistola-neumatica-aplicadora-de-adhesivo,Bona Pistola Neumática - Aplicadora de Adhesivo,. Pistola neumática . Uso: aplicación de adhesivo BR848 en presentación de 600ml . Fabricada en Suecia,Bona,Herramientas,"Bona, stock-verificado",TRUE,Título,Default Title,BAT32043000/UU,332.43,,10,deny,https://cfluna.com/enkotienda.com.uy/cdn/files/tmp/compressed/normal/7ml9s3ma4td29aw11ogq.jpg,1,,
en-bona-hidrometro-gann-rtu-600,Bona Hidrómetro Gann RTU 600,". Instrumento de medición cuádruple . Uso: Medición de humedad pisos de madera, subsuelos, humedad del aire y temperatura . Fabricado en Suecia",Bona,Construcción,"Otros, Bona, stock-verificado",TRUE,Título,Default Title,BAT37004000/UU,4755.76,,10,deny,https://cfluna.com/enkotienda.com.uy/cdn/files/tmp/compressed/normal/4woljraplr3l38dd4a9z.jpg,1,,
en-bona-disco-ceramica-150mm,Bona Disco Cerámica 150mm,". Abrasivo de grano cerámico . Uso: Lijado de pisos de madera . Lijados gruesos, elimina fácilmente barnices y residuos . Agresividad excepcional perfectamente equilibrada con delicadeza . Ofrece superficie suave sin que se levanten las fibras de la madera ni arañazos profundos . Durabilidad extraordinaria y un lijado constante . Fabricado en Suecia",Bona,Construcción,"Abrasivos, Bona, stock-verificado",TRUE,Título,Default Title,BAAS47170036/UU,8.05,,10,deny,https://cfluna.com/enkotienda.com.uy/cdn/files/tmp/compressed/normal/9uvyyupynfuswqb0bhz3.jpg,1,,
en-bona-spray-mop-premium-limpiador-pisos-madera,Bona Spray Mop Premium -Limpiador pisos madera,". Mopa ergonómica. Uso: limpieza de pisos de madera barnizados - plastificados. Producto pronto uso. Mantenimiento fácil, efectivo y rápido. Limpiador de ph neutro. Secado rápido y sin residuos. Incluye: cartucho recargable del limpiador y mopa de microfibra. Certificado GREENGUARD GOLD: garantiza un producto seguro para los usuarios y mascotas. Aplicación: consultar ficha técnica. Fabricado en Suecia",Bona,Construcción,"Pinturas, Bona, stock-verificado",TRUE,Título,Default Title,BCA201010012/UU,101.91,,10,deny,https://cfluna.com/enkotienda.com.uy/cdn/files/tmp/compressed/normal/4lged3pgsin43hpgly1t.jpg,1,,
en-bona-recarga-limpiador-pisos-de-madera,Bona Recarga - Limpiador pisos de madera,". Recarga de Cartuchos de Spray Mops y Spray&nbsp;. Uso: limpieza de pisos de madera barnizados - plastificados . Producto pronto uso . Mantenimiento fácil, efectivo y rápido . Limpiador de ph neutro . Secado rápido y sin residuos . Certificado GREENGUARD GOLD: garantiza un producto seguro para los usuarios y mascotas . Aplicación: consultar ficha técnica . Fabricado en Suecia",Bona,Construcción,"Pinturas, Bona, stock-verificado",TRUE,Título,Default Title,BWM740119012/04,40.36,,10,deny,https://cfluna.com/enkotienda.com.uy/cdn/files/tmp/compressed/normal/eept09l47v5x1tlf5don.jpg,1,,
en-bona-cartucho-spray-mop-limpiador-pisos-madera,Bona Cartucho Spray Mop - Limpiador pisos madera,". Botella de Limpiador para Spray Mop Premium . Uso: limpieza de pisos de madera barnizados - plastificados . Producto pronto uso . Mantenimiento fácil, efectivo y rápido . Limpiador de ph neutro . Secado rápido y sin residuos . Certificación GREENGUARD GOLD: garantiza un producto seguro para los usuarios y mascotas . Aplicación: consultar ficha técnica . Fabricado en Suecia",Bona,Construcción,"Pinturas, Bona, stock-verificado",TRUE,Título,Default Title,BWM760341042/UU,23.41,,10,deny,https://cfluna.com/enkotienda.com.uy/cdn/files/tmp/compressed/normal/x1xhs2eurabqic0x15uz.jpg,1,,
en-bona-restaurador-mate-pisos-madera,Bona Restaurador Mate - Pisos Madera,. Restaurador para pisos de madera barnizados - plastificados . Uso: Renueva y protege los pisos frente al desgaste . Producto pronto uso . Fácil de aplicar . ¡Importante! Realizar siempre una prueba para asegurarte de obtener los resultados deseados . No apto para pisos tratados con cera o aceite . Certificación GREENGUARD GOLD: garantiza un producto seguro para los usuarios y mascotas . Aplicación: consultar ficha técnica . Fabricado en Suecia,Bona,Construcción,"Pinturas, Bona, stock-verificado",TRUE,Título,Default Title,BWP500313012/01,41.36,,10,deny,https://cfluna.com/enkotienda.com.uy/cdn/files/tmp/compressed/normal/mtg3fji9a67hkrm25r6r.jpg,1,,
en-bona-restaurador-brillante-pisos-madera,Bona Restaurador Brillante - Pisos Madera,. Restaurador para pisos de madera barnizados - plastificados. Uso: Renueva y protege los pisos frente al desgaste. Producto pronto uso. Fácil de aplicar. ¡Importante! Realizar siempre una prueba para asegurarte de obtener los resultados deseados. No apto para pisos tratados con cera o acite&nbsp;. Certficación GREENGUARD GOLD: garantiza un producto seguro para los usuarios y mascotas. Aplicación: consultar ficha técnica. Fabricado en Suecia,Bona,Construcción,"Pinturas, Bona, stock-verificado",TRUE,Título,Default Title,BWP511013012/01,29.96,,10,deny,https://cfluna.com/enkotienda.com.uy/cdn/files/tmp/compressed/normal/a1tmjdftg1gvayquuf7r.jpg,1,,
en-bona-spray-mop-premium-limpiador-pisos-de-ceramica-vinilicos-laminados,"Bona Spray Mop Premium - Limpiador pisos de cerámica, vinílicos, laminados",". Mopa ergonómica . Uso: limpieza de pisos cerámicos, vinílicos, laminados . Producto pronto uso . Mantenimiento fácil, efectivo y rápido . Limpiador de ph neutro . Secado rápido y sin residuos. Incluye: cartucho recargable del limpiador y mopa de microfibra . Certificado GREENGUARD GOLD: garantiza un producto seguro para los usuarios y mascotas . Aplicación: consultar ficha técnica . Fabricado en Suecia",Bona,Construcción,"Pinturas, Bona, stock-verificado",TRUE,Título,Default Title,BCA202020012/UU,101.91,,10,deny,https://cfluna.com/enkotienda.com.uy/cdn/files/tmp/compressed/normal/5i0ngmk3rm3fquuiuc4o.jpg,1,,
en-bona-recarga-limpiador-pisos-de-ceramica-vinilicos-laminados,"Bona Recarga - Limpiador pisos de cerámica, vinílicos, laminados",". Recarga de Cartuchos de Spray Mops y Spray de 1Lt . Uso: limpieza de pisos cerámicos, vinílicos, laminados . Producto pronto uso . Mantenimiento fácil, efectivo y rápido . Limpiador de ph neutro . Secado rápido y sin residuos . Certificado GREENGUARD GOLD: garantiza un producto seguro para los usuarios y mascotas . Aplicación: consultar ficha técnica . Fabricado en Suecia",Bona,Construcción,"Pinturas, Bona, stock-verificado",TRUE,Título,Default Title,BWM740219022/04,41.04,,10,deny,https://cfluna.com/enkotienda.com.uy/cdn/files/tmp/compressed/normal/rxuqt2yq75u9sc8ofvp5.jpg,1,,
en-bona-cartucho-spray-mop-limpiador-pisos-de-ceramica-vinilicos-laminados,"Bona Cartucho Spray Mop - Limpiador pisos de cerámica, vinílicos, laminados",". Botella de Limpiador para Spray Mop Premium . Uso: limpieza de pisos de madera barnizados - plastificados . Producto pronto uso . Mantenimiento fácil, efectivo y rápido . Limpiador de ph neutro . Secado rápido y sin residuos . Certificación GREENGUARD GOLD: garantiza un producto seguro para los usuarios y mascotas . Aplicación: consultar ficha técnica . Fabricado en Suecia",Bona,Construcción,"Pinturas, Bona, stock-verificado",TRUE,Título,Default Title,BWM760341052/UU,23.41,,10,deny,https://cfluna.com/enkotienda.com.uy/cdn/files/tmp/compressed/normal/ibjwxpdxhymd031anz49.jpg,1,,
en-bona-restaurador-pisos-ceramicos-vinilicos-laminados,"Bona Restaurador Pisos cerámicos,vinílicos, laminados",". Restaurador para pisos cerámicos, vinílicos, laminados . Uso: Renueva y protege los pisos frente al desgaste . Producto pronto uso . Fácil de aplicar . ¡Importante! Realizar siempre una prueba para asegurarte de obtener los resultados deseados&nbsp;. Certificación GREENGUARD GOLD: garantiza un producto seguro para los usuarios y mascotas. Aplicación: consultar ficha técnica . Fabricado en Suecia",Bona,Construcción,"Pinturas, Bona, stock-verificado",TRUE,Título,Default Title,BWP511013022/01,41.8,,10,deny,https://cfluna.com/enkotienda.com.uy/cdn/files/tmp/compressed/normal/i5epf659a4m9l9yr06h7.jpg,1,,
en-bona-antibacterial-limpiador-pisos-ceramicos-vinilicos-laminados,"Bona Antibacterial - Limpiador pisos cerámicos, vinílicos, laminados",". Limpiador Antibacterial . Uso: limpieza profunda de pisos cerámicos, vinílicos o laminados . Producto pronto uso . Mantenimiento fácil, efectivo y rápido . Secado rápido y sin residuos  . Certificación GREENGUARD GOLD: garantiza un producto seguro para los usuarios y mascotas. Fabricado en Suecia",Bona,Construcción,"Pinturas, Bona, stock-verificado",TRUE,Título,Default Title,BWM851057001/UU,20.54,,10,deny,https://cfluna.com/enkotienda.com.uy/cdn/files/tmp/compressed/normal/trz4g22xfgvqk37w92h0.jpg,1,,
en-bona-spray-mop-premium-limpiador-pisos-aceitados,Bona Spray Mop Premium -Limpiador pisos aceitados,". Mopa ergonómica . Uso: limpieza de pisos de madera aceitados . Producto pronto uso . Mantenimiento fácil, efectivo y rápido . Limpiador de ph neutro . Secado rápido y sin residuos . Incluye: cartucho recargable del limpiador y mopa de microfibra . Certificado GREENGUARD GOLD: garantiza un producto seguro para los usuarios y mascotas. Aplicación: consultar ficha técnica  . Fabricado en Suecia",Bona,Construcción,"Pinturas, Bona, stock-verificado",TRUE,Título,Default Title,BCA401010011/UU,133.14,,10,deny,https://cfluna.com/enkotienda.com.uy/cdn/files/tmp/compressed/normal/61hilkx2jd9jui336qoy.jpg,1,,
en-bona-recarga-limpiador-pisos-aceitados,Bona Recarga - Limpiador pisos aceitados,". Recarga de Cartuchos de Spray Mops y Spray&nbsp;. Uso: limpieza de pisos de madera aceitados. Producto pronto uso. Mantenimiento fácil, efectivo y rápido. Limpiador de ph neutro. Secado rápido y sin residuos. Certificado GREENGUARD GOLD: garantiza un producto seguro para los usuarios y mascotas . Aplicación: consultar ficha técnica. Fabricado en Suecia",Bona,Construcción,"Pinturas, Bona, stock-verificado",TRUE,Título,Default Title,BWM700115022/UU,43.46,,10,deny,https://cfluna.com/enkotienda.com.uy/cdn/files/tmp/compressed/normal/41frgsu0dlbu7w6xwf48.jpg,1,,
en-bona-cartucho-spray-mop-limpiador-pisos-aceitados,Bona Cartucho Spray Mop - Limpiador pisos aceitados,". Botella de Limpiador para Spray Mop Premium . Uso: limpieza de pisos de madera aceitados . Producto pronto uso . Mantenimiento fácil, efectivo y rápido . Limpiador de ph neutro . Secado rápido y sin residuos . Certificación GREENGUARD GOLD: garantiza un producto seguro para los usuarios y mascotas . Fabricado en Suecia",Bona,Construcción,"Pinturas, Bona, stock-verificado",TRUE,Título,Default Title,BWM700141032/UU,23.41,,10,deny,https://cfluna.com/enkotienda.com.uy/cdn/files/tmp/compressed/normal/xffmjw1ojcrueyfrgc38.jpg,1,,
en-bona-renovador-pisos-aceitados,Bona Renovador - Pisos aceitados,. Renovador para pisos de madera aceitados . Uso: Renueva y protege los pisos frente al desgaste . Producto pronto uso . Fácil de aplicar . ¡Importante! Realizar siempre una prueba para asegurarte de obtener los resultados deseados . Certificación GREENGUARD GOLD: garantiza un producto seguro para los usuarios y mascotas . Aplicación: consultar ficha técnica . Fabricado en Suecia,Bona,Construcción,"Pinturas, Bona, stock-verificado",TRUE,Título,Default Title,BWP605013012/01,45.63,,10,deny,https://cfluna.com/enkotienda.com.uy/cdn/files/tmp/compressed/normal/3nqx70iyogy8cvbgi3ls.jpg,1,,
en-milesi-hydrocoat-barniz-al-agua-para-madera,Milesi Hydrocoat - Barniz al agua para madera,". Barniz base agua para madera interior . Uso: Sella y barniza con un solo producto . Incoloro . Pronto uso . Fácil aplicación . Rápido secado . Buena cobertura con mínimo dos manos de aplicación . Excelente resultado estético y al tacto . Mantiene el aspecto natural de la madera . Ecológico . Disponible en 3 brillos . Aplicación: Pincel, Soplete o Rodillo, consultar ficha técnica . Fabricado en Italia",Milesi,Construcción,"Pinturas, Milesi, stock-verificado",TRUE,Título,Default Title,MHSC6036-01,31.79,,10,deny,https://cfluna.com/enkotienda.com.uy/cdn/files/tmp/compressed/normal/s6k1yumpo79mhmipzzax.png,1,,
en-milesi-hydrocrom-impregnante-al-agua-para-madera-exterior,Milesi Hydrocrom - Impregnante al agua para madera exterior,". Impregnante base agua para madera expuesta al exterior . Uso: Protección, impermeabilización de la madera previa a la aplicación del barniz  . Disponible en varios tonos . Pronto uso . Fácil aplicación . Rápido secado . Uniformidad del color . Protección de hongos, moho y los agentes atmosféricos . Aplicación: pincel, rodillo o soplete, consultar ficha técnica . Fabricado en Italia",Milesi,Construcción,"Pinturas, Milesi, stock-verificado",TRUE,Título,Default Title,MXHI301-01,27.71,,10,deny,https://cfluna.com/enkotienda.com.uy/cdn/files/tmp/compressed/normal/3ub3udagwhi27fcj15ma.png,1,,
en-milesi-hydrocrom-barniz-base-agua-para-madera-exterior,Milesi Hydrocrom - Barniz base agua para madera exterior,". Barniz base agua para madera  expuesta al exterior . Uso: Protección de la madera frente a los agentes atmosféricos y a la degradación de rayos U.V.  . Pronto uso  . Fácil aplicación . Rápido secado  . Excelente resistencia al agua . Coloración transparente-ambar . Efecto tacto natural . A diferencia de los barnices a solvente, los barnices al agua no descascaran . Permeabilidad dinamica - permiten respirar a la madera lo que evita la generación de hongos y el descascaramiento . Disponible en distintos brillos . Para mayor durabilidad se recomienda aplicar sobre protectores o impregnantes coloreados series Hydrocrom . Aplicación: pincel, rodillo o soplete. Fabricado en Italia",Milesi,Construcción,"Pinturas, Milesi, stock-verificado",TRUE,Título,Default Title,MXGC077EN-01,39.0,,10,deny,https://cfluna.com/enkotienda.com.uy/cdn/files/tmp/compressed/normal/3ub3udagwhi27fcj15ma.png,1,,
en-milesi-hydrocrom-fondo-blanco-base-agua,Milesi Hydrocrom - Fondo Blanco base agua,". Fondo blanco base agua para madera expuesta al exterior . Uso: base color para preparación de la madera previa a la aplicación del acabado . Pronto uso . Fácil aplicación . Rápido secado . Buena cobertura . Para finalizar el procedimiento de protección debe aplicarse 1 mano de fondo + 2 del color seleccionado Hydrocrom . Aplicación: pincel, rodillo o soplete. Fabricado en Italia",Milesi,Construcción,"Pinturas, Milesi, stock-verificado",TRUE,Título,Default Title,MXBT10/01,37.97,,10,deny,https://cfluna.com/enkotienda.com.uy/cdn/files/tmp/compressed/normal/3ub3udagwhi27fcj15ma.png,1,,
en-milesi-hydrocrom-acabamiento-con-color-base-agua-para-madera-exterior,Milesi Hydrocrom - Acabamiento con color base agua para madera exterior ,". Acabamiento con color base agua para madera expuesta al exterior . Uso: Protección de la madera frente a los agentes atmosféricos y a la degradación de rayos U.V.  . Terminación: Br.20 Semi Mate . Pronto uso . Fácil aplicación . Rápido secado . Buena cobertura . Aplicación: pincel, rodillo o soplete. Fabricado en Italia",Milesi,Construcción,"Otros, Milesi, stock-verificado",TRUE,Título,Default Title,MJJT6883-01,37.22,,10,deny,https://cfluna.com/enkotienda.com.uy/cdn/files/tmp/compressed/normal/3ub3udagwhi27fcj15ma.png,1,,
en-milesi-hydrocrom-acabamiento-con-color-base-agua,Milesi Hydrocrom - Acabamiento con color base agua,". Acabamiento con color base agua para madera expuesta al exterior . Uso: Protección de la madera frente a los agentes atmosféricos y a la degradación de rayos U.V.  . Terminación: Br.20 Semi Mate . Pronto uso . Fácil aplicación . Rápido secado . Buena cobertura . Aplicación: pincel, rodillo o soplete. Fabricado en Italia",Milesi,Construcción,"Otros, Milesi, stock-verificado",TRUE,Título,Default Title,MJJT6883-05,154.09,,10,deny,https://cfluna.com/enkotienda.com.uy/cdn/files/tmp/compressed/normal/3ub3udagwhi27fcj15ma.png,1,,
en-milesi-hydrocrom-protector-base-agua-para-exterior,Milesi Hydrocrom - Protector base agua para exterior,". Protector base agua para exterior. Uso: Protección de decks de madera y WPC expuestos al exterior. Disponible en varios tonos&nbsp;. Pronto uso. Fácil aplicación. Rápido secado. Buena cobertura. Contiene aditivos especiales para evitar la degradación de la madera y proliferación de hongos. Muy fácil mantenimiento ya que el producto se va degradando progresivamente y no requiere lijado profundo para realizar nueva aplicación. Aplicación: pincel, rodillo o soplete, consultar ficha técnica. Fabricado en Italia",Milesi,Construcción,"Pinturas, Milesi, stock-verificado",TRUE,Título,Default Title,MXWC5AA1-01,33.45,,10,deny,https://cfluna.com/enkotienda.com.uy/cdn/files/tmp/compressed/normal/3ub3udagwhi27fcj15ma.png,1,,
en-milesi-carta-de-colores-kromosystem-ral,Milesi Carta de colores Kromosystem RAL,. Carta - Muestrario de colores Kromosystem RAL . Contiene 216 colores.,Milesi,Construcción,"Otros, Milesi, stock-verificado",TRUE,Título,Default Title,MCARTARAL,57.22,,10,deny,https://cfluna.com/enkotienda.com.uy/cdn/files/tmp/compressed/normal/3q7twpr8gpt197wh1tsm.jpg,1,,
en-filtros-descartables-para-pintura,Filtros descartables para pintura,". Filtros descartables para el filtrado de las pinturas previo a su aplicación . Elimina impurezas que se puedan formar en los envases . Aptos para productos ibase agua, poliuretánicos, solventes, etc.",ENKO,Construcción,"Pinturas, ENKO, stock-verificado",TRUE,Título,Default Title,UCONOS/UU,10.98,,10,deny,https://cfluna.com/enkotienda.com.uy/cdn/files/tmp/compressed/normal/bzk4mdhfe7whowxh9gte.jpg,1,,
en-borma-masilla-barra-de-cera-blanda,Borma Masilla - Barra de Cera Blanda,. Masilla de retape a base de cera blanda . Uso: Relleno de imperfecciones sobre la madera interior en bruto o barnizada . Disponible en varios tonos . Pronto uso . Fácil aplicación . Se recomienda fijarla con laca o barniz  . Fabricado en Italia. Consultar por colores,Borma,Construcción,"Pinturas, Borma, stock-verificado",TRUE,Título,Default Title,W1005/UU,7.01,,10,deny,https://cfluna.com/enkotienda.com.uy/cdn/files/tmp/compressed/normal/eqisw0slg1fx6anp0873.png,1,,
en-borma-masilla-barra-de-cera-dura,Borma Masilla - Barra de Cera Dura,". Masilla de retape a base de cera dura . Uso: Relleno de imperfecciones de la madera interior, en bruto o barnizada . Disponible en varios tonos . Al fundirse penetra y se amolda perfectamente a las grietas, cavidades y otras imperfecciones de la madera . Sobre barnizable con cualquier tipo de producto . Debe aplicarse con fusor de calor y espátula . Aplicación: Consultar ficha técnica . Fabicado en Italia",Borma,Construcción,"Pinturas, Borma, stock-verificado",TRUE,Título,Default Title,W1200PI/UU,6.0,,10,deny,https://cfluna.com/enkotienda.com.uy/cdn/files/tmp/compressed/normal/eutnmrzdgmq3ho8vxf2c.jpg,1,,
en-borma-holzmarker-marcador-de-retoque,Borma Holzmarker - Marcador de retoque,". Marcador de retoque para superficies barnizadas . Uso: Disimula rayas e imperfecciones sobre madera, melaminas y laminados de colores . Disponible en varios tonos . Fácil aplicación . Resistente al agua y detergentes de limpieza . Puntero redondeado, grueso . Aplicación: Consultar ficha técnica . Fabricado en Italia",Borma,Construcción,"Otros, Borma, stock-verificado",TRUE,Título,Default Title,W0700BI/UU,15.63,,10,deny,https://cfluna.com/enkotienda.com.uy/cdn/files/tmp/compressed/normal/qp0zrfgsrb8g9byc5t20.jpg,1,,
en-borma-holz-profix-marcador-de-retoque,Borma Holz Profix - Marcador de retoque,. Marcador de retoque para madera interior . Uso: Corrección de imperfecciones de la madera cuando se producen peladuras . Disponible en varios tonos . Fácil aplicación . A base de colorantes de gran transparencia . Se puede aplicar sobre la madera o entre las capas de barniz . No forma película . Debe ser fijado con barniz . Fabricado en Italia,Borma,Construcción,"Otros, Borma, stock-verificado",TRUE,Título,Default Title,W0800MO/UU,8.13,,10,deny,https://cfluna.com/enkotienda.com.uy/cdn/files/tmp/compressed/normal/zgoixyo1l2ew6c93y7wr.jpg,1,,
en-borma-profix-marcador-de-retoque,Borma Profix - Marcador de retoque,. Marcador de retoque para superficies de madera interior . Uso: Diseño de vetas y retoques precisos sobre madera . Disponible en varios tonos . Fácil aplicación . Se puede utilizar sobre la madera o entre las capas de barniz . No forma película . Debe ser fijado con barniz . Puntero fino . Aplicación: Consultar ficha técnica . Fabricado en Italia,Borma,Construcción,"Otros, Borma, stock-verificado",TRUE,Título,Default Title,W0967CI/UU,7.71,,10,deny,https://cfluna.com/enkotienda.com.uy/cdn/files/tmp/compressed/normal/d6d22vb08a2m74j0o5i4.jpg,1,,
en-borma-masilla-ecostucco-tubo,Borma Masilla - Ecostucco Tubo,". Masilla libre de solvente, ecológica . Uso: Preparación de superficies y reparación de imperfecciones en la madera interior . Disponible en varios tonos. Pronto uso. Fácil aplicación y lijado. Posteriormente la superficie puede ser tratada con productos al agua o solvente. Fabricado en Italia",Borma,Construcción,"Pinturas, Borma, stock-verificado",TRUE,Título,Default Title,W1510CI/UU,6.25,,10,deny,https://cfluna.com/enkotienda.com.uy/cdn/files/tmp/compressed/normal/e52aumurub9dpjroi3wy.jpg,1,,
en-borma-masilla-ecostucco,Borma Masilla Ecostucco,". Masilla libre de solvente, ecológica . Uso: Preparación de superficies y reparación de imperfecciones en la madera interior . Disponible en varios tonos . Pronto uso . Fácil aplicación y lijado . Posteriormente la superficie puede ser tratada con productos al agua o solvente. Fabricado en Italia",Borma,Construcción,"Pinturas, Borma, stock-verificado",TRUE,Título,Default Title,W1520BI/UU,7.26,,10,deny,https://cfluna.com/enkotienda.com.uy/cdn/files/tmp/compressed/normal/cvdji2my8v6jnuwp1khp.jpg,1,,
en-borma-cera-abeja-liquida-para-parquet,Borma Cera Abeja líquida para Parquet,". Cera líquida a base de cera de abejas y carnauba . Uso: Protección y renovación de pisos de madera interiores . Fácil aplicación . Libre de siliconas . Terminación natural, mate, manteniendo el aspecto original de la madera . Propiedades antiestáticas . Fabricado en Italia",Borma,Construcción,"Pinturas, Borma, stock-verificado",TRUE,Título,Default Title,W0690/UU,26.49,,10,deny,https://cfluna.com/enkotienda.com.uy/cdn/files/tmp/compressed/normal/lzyxzqtvumg0h62nakxl.jpg,1,,
en-borma-hardwax-oil-aceite-con-cera-para-madera,Borma Hardwax Oil - Aceite con cera para madera,. Aceite con cera de acabado extra-mate . Uso: protección de mobiliario y pisos de madera sin tratar en interiores . Fácil aplicación . Fácil mantenimiento . Resistencia al agua y a las manchas . Agradable tacto y aspecto propio de la cera y los aceites . Gran resistencia . Cumple con la norma EN71-3: producto apto para el uso en juguetes y muebles infantiles . Aplicación: Rodillo o pincel. Fabricado en Italia,Borma,Construcción,"Pinturas, Borma, stock-verificado",TRUE,Título,Default Title,W4950HW/UU,23.49,,10,deny,https://cfluna.com/enkotienda.com.uy/cdn/files/tmp/compressed/normal/vq5bwh0mkav8111w75ig.jpg,1,,
en-borma-terrace-oil-aceite-para-deck,Borma Terrace Oil - Aceite para deck,". Mezcla de aceites, libre de olores y de alta transparencia . Uso: protección de decks exteriores de madera . Pronto uso . Fácil aplicación y mantenimiento . Penetra profundamente en la madera y gracias a su alto contenido de sólidos, proporciona una protección y transpiración eficientes sin descamación . Efecto natural satinado . Contiene filtros UV para una mayor protección . Degradable; la re-aplicación preventiva sólo requiere una limpieza previa . Se puede aplicar sobre varios productos de color para aumentar su protección (consultar previamente) . Aplicación: Pincel, rodillo o brocha. Fabricado en Italia",Borma,Construcción,"Pinturas, Borma, stock-verificado",TRUE,Título,Default Title,W4971/01,31.61,,10,deny,https://cfluna.com/enkotienda.com.uy/cdn/files/tmp/compressed/normal/ivq6y3yubiezdagctj1p.jpg,1,,
en-borma-stone-coat-barniz-protector-para-piedra,Borma Stone Coat - Barniz protector para piedra,". Barniz acrílico. Uso: protección de mármol, travertino, piedra y cerámica rústica interior y exterior. Pronto uso. Fácil aplicación&nbsp; &nbsp; &nbsp; &nbsp; &nbsp; &nbsp; &nbsp; &nbsp; &nbsp; &nbsp; &nbsp; &nbsp; &nbsp; &nbsp; &nbsp; &nbsp;. En su versión brillante el producto consigue obtener un efecto ´´mojado´´ intensificando el color del material barnizado. Se adapta a superficies pulidas o rústicas. No transitable. Aplicación: rodillo, pincel o soplete. Fabricado en Italia",Borma,Construcción,"Pinturas, Borma, stock-verificado",TRUE,Título,Default Title,W5050/01,22.65,,10,deny,https://cfluna.com/enkotienda.com.uy/cdn/files/tmp/compressed/normal/5cwar3n01omej68cnw42.jpg,1,,
en-borma-kitchenware-oil-aceite-para-elementos-de-cocina,Borma Kitchenware Oil - Aceite para elementos de Cocina,". Aceite natural biodegradable, excento de sustancias nocivas, fabricado con componentes de origen 100% naturales . Uso: Protección para superficies de madera interiores destinadas al contacto con alimentos . Pronto uso . Fácil aplicación, mantenimiento y renovación . Crea un efecto de color levemente tostado por la oxidación natural del aceite . Repelente al agua . La superficie puede ser lavada con agua y jabón neutro . Aplicación: Pincel o paño. Fabricado en Italia",Borma,Construcción,"Pinturas, Borma, stock-verificado",TRUE,Título,Default Title,W498905/UU,20.37,,10,deny,https://cfluna.com/enkotienda.com.uy/cdn/files/tmp/compressed/normal/lni62l1pirzgkqnl1svh.jpg,1,,
en-borma-blanqueador-para-madera-parte-a,Borma Blanqueador - para madera PARTE A ,". Uniformador de color de la madera con fines estéticos . Uso: Aclarado del color natural de la madera virgen . Producto de dos componentes . Libre de amoníaco, se mezcla en una relación 2:1 y su duración efectiva es de 15min . Se debe manipular con guantes ya que es un producto corrosivo . Producto de 2 componentes, debe adquirirse en conjunto con el Catalizador para Blanqueador (PARTE B). Aplicación: consultar ficha técnica . Fabricado en Italia",Borma,Construcción,"Pinturas, Borma, stock-verificado",TRUE,Título,Default Title,W0062/UU,17.9,,10,deny,https://cfluna.com/enkotienda.com.uy/cdn/files/tmp/compressed/normal/vpi2f3w915vqbg8qopup.png,1,,
en-borma-catalizador-para-blanqueador-para-madera-parte-b,Borma Catalizador para Blanqueador - para madera PARTE B ,". Catalizador para Blanqueador Borma . Uso: Aclarado del color natural de la madera virgen . Producto de dos componentes . Libre de amoníaco, se mezcla en una relación 2:1 y su duración efectiva es de 15min . Se debe manipular con guantes ya que es un producto corrosivo . Producto de 2 componentes, debe adquirirse en conjunto con el Blanqueador Borma (PARTE A). Aplicación: consultar ficha técnica . Fabricado en Italia",Borma,Construcción,"Pinturas, Borma, stock-verificado",TRUE,Título,Default Title,W0063/UU,13.24,,10,deny,https://cfluna.com/enkotienda.com.uy/cdn/files/tmp/compressed/normal/aouuuyr8k0oka0meft8t.png,1,,
en-borma-holz-2000-protector-anti-termitas,Borma Holz 2000 - Protector Anti Termitas,". Tratamiento anti-termitas a base de solvente, preventivo o curativo contra termitas, carcoma y parásitos en madera . Uso: Prevención, restauración de maderas interiores y exteriores . Recomendado para todas las especies de madera . Una vez seco se puede utilizar cualquier tipo de producto al agua o solvente . En el caso de maderas tratadas, en general no daña las capas de barniz o laca existente . Fabricado en Italia",Borma,Construcción,"Pinturas, Borma, stock-verificado",TRUE,Título,Default Title,W0084/UU,20.42,,10,deny,https://cfluna.com/enkotienda.com.uy/cdn/files/tmp/compressed/normal/l8jl9g1q069a4kmlzwe3.jpg,1,,
en-borma-silicon-stop-detergente-antisiliconico,Borma Silicon Stop - Detergente antisilicónico,". Detergente anti siliconas para madera . Uso: Limpieza de restos de productos a base de siliconas como abrillantadores y lustra muebles que provocan defectos e impiden la adecuada restauración al momento de aplicar nuevos barnices o lacas&nbsp; . Producto a base de solvente de bajo olor . Aplicación: Pincel, consultar ficha técnica . Fabricado en Italia",Borma,Construcción,"Otros, Borma, stock-verificado",TRUE,Título,Default Title,W4945/UU,11.48,,10,deny,https://cfluna.com/enkotienda.com.uy/cdn/files/tmp/compressed/normal/h0qi6spuul5fbp89go6g.jpg,1,,
en-borma-shabby-provence-pintura-a-la-tiza,Borma Shabby Provence - Pintura a la tiza,". Pintura acuosa a base de yeso natural . Uso: Renovación de muebles de madera interiores, logrando terminaciones estilo provenzal, vintage o shabby chic. Disponible en varios colores. Fácil aplicación. Pronto uso. Excelente cobertura. Se puede proteger con Borma Stone Coat. Fabricado en Italia",Borma,Construcción,"Pinturas, Borma, stock-verificado",TRUE,Título,Default Title,W6570GL125/UU,5.84,,10,deny,https://cfluna.com/enkotienda.com.uy/cdn/files/tmp/compressed/normal/91b1xru0p00uao25lc5r.jpg,1,,
en-borma-aceite-de-teka,Borma Aceite de Teka,". Producto a base de mezcla de aceites naturales . Uso: protección, nutrición y renovación de la fibra de la madera interior y exterior . Fácil aplicación . Pronto uso . Resalta el tono natural de la madera . No forma película, efecto de agradable tacto natural no graso . Cumple con la norma EN71-3: producto apto para el uso en juguetes y muebles infantiles . Aplicación: pincel o trapo . Fabricado en Italia",Borma,Construcción,"Pinturas, Borma, stock-verificado",TRUE,Título,Default Title,W0360/UU,20.32,,10,deny,https://cfluna.com/enkotienda.com.uy/cdn/files/tmp/compressed/normal/2yrx7k651jeveq746kv5.jpg,1,,
en-borma-holzwachs-lasur-protector-para-madera-3-en-1,Borma Holzwachs Lasur - Protector para madera 3 en 1,". Protector a base de solvente con gran capacidad de penetración y protección . Uso: Protección de la madera interior y exterior, sella y barniza en un solo producto . Disponible en 3 tonos . Pronto uso . Fácil aplicación . Contiene filtros UV y aditivos antisépticos que brindan una protección eficaz contra hongos e insectos . Colores resistentes a la luz . Fabricado en Italia",Borma,Construcción,"Pinturas, Borma, stock-verificado",TRUE,Título,Default Title,W3320NC3X1/UU,28.68,,10,deny,https://cfluna.com/enkotienda.com.uy/cdn/files/tmp/compressed/normal/p0vegomeskrcjywtmtxv.jpg,1,,
en-borma-sellador-protector-para-deck-compuesto-wpc,Borma Sellador Protector para Deck compuesto WPC,". Protector a base de agua con gran capacidad de penetración y protección. Uso: Protección de la madera interior y exterior, sella y barniza en un solo producto. Disponible en 3 tonos. Pronto uso. Fácil aplicación. Contiene filtros UV y aditivos antisépticos que brindan una protección eficaz contra hongos e insectos. Colores resistentes a la luz. Fabricado en Italia",Borma,Construcción,"Pinturas, Borma, stock-verificado",TRUE,Título,Default Title,WNAT49651/UU,28.66,,10,deny,https://cfluna.com/enkotienda.com.uy/cdn/files/tmp/compressed/normal/nni926hi4xf2wybtt9k9.jpg,1,,
en-borma-grundieroil-tinta-al-aceite,Borma Grundieroil - Tinta al aceite,". Tinta a base de aceites de alta calidad, reforzada con resinas . Uso: Teñido con color de la madera virgen previo a la aplicación de protectores al aceite . Fácil aplicación . Pronto uso . Disponible en varios tonos . Proporciona un efecto suave y natural . Amplio tiempo de secado, resultado uniforme sin manchas, incluso en grandes superficies . Debe ser protegido con cualquier producto base aceite de Borma . Cumple con la norma EN71: producto apto para el uso en juguetes y muebles infantiles . Fabricado en Italia",Borma,Construcción,"Pinturas, Borma, stock-verificado",TRUE,Título,Default Title,W3905BI/UU,28.85,,10,deny,https://cfluna.com/enkotienda.com.uy/cdn/files/tmp/compressed/normal/g854m3askz18dts5icoc.jpg,1,,
en-borma-barniz-gel-tixo,Borma Barniz - Gel Tixo,". Barniz de cera. Uso: Protección de mobiliario de madera interior y exterior; sella y barniza en un solo producto. Fácil aplicación. Pronto uso. Realza la madera con colores naturales y terminación satinada. Repelente al agua, transpirable y con filtros UV&nbsp;Se recomienda la aplicación de dos capas. Disponible en varios tonos. Aplicación: Pincel. Fabricado en Italia",Borma,Construcción,"Pinturas, Borma, stock-verificado",TRUE,Título,Default Title,W3305MO/UU,15.72,,10,deny,https://cfluna.com/enkotienda.com.uy/cdn/files/tmp/compressed/normal/1k90b04tfmklxua6wyg2.jpg,1,,
en-lija-esponja-abrasiva,Lija esponja abrasiva ,. Esponja abrasiva de óxido de aluminio con respaldo de espuma de alta densidad. Tamaño: 114x140mm / Espesor: 5 y 12mm. Pack 10U. Uso: Lijado de madera . Resistente al arrugado: no se agrieta. Muy liviana. Lijado en seco o húmedo. Se adapta fácilmente a los contornos de superficies curvas. Máxima calidad de acabado,ENKO,Construcción,"Abrasivos, ENKO, stock-verificado",TRUE,Título,Default Title,RESPON006042/UU,13.91,,10,deny,https://cfluna.com/enkotienda.com.uy/cdn/files/tmp/compressed/normal/5q2lm0lpr13dgrmc3oud.jpg,1,,
en-lija-impermeable-270-sic-smirdex,Lija Impermeable 270 SiC Smirdex,". Hoja de lija  - Carburo de Silicio . Tamaño: 230x280mm. Uso: Lijado  de madera en seco y húmedo, acabado Automotriz y Mármol . Papel impermeable de alta calidad. Excelente resultados de terminación. Recomendable para eliminar defectos de piel de naranja y marcas puntuales . Papel flexible  para el lijado de superficies difíciles . Ideal para para limpiar y restaurar los focos de los automóviles",ENKO,Construcción,"Abrasivos, ENKO, stock-verificado",TRUE,Título,Default Title,SX270011500/UU,23.18,,10,deny,https://cfluna.com/enkotienda.com.uy/cdn/files/tmp/compressed/normal/ii6jrxo5rd784hdy1jmj.jpg,1,,
en-lija-impermeable-275-alox-smirdex,Lija Impermeable 275 Alox Smirdex,". Hoja de lija  Óxido de Aluminio . Tamaño: 230x280mm. Uso: Lijado de madera y  revestimientos. Aplicación: Lijado en seco y húmedo . Alta tasa de remoción y durabilidad. Elimina manchas de pintura, efecto piel naranja e inclusiones de polvo. Indicado para lustre automotriz",ENKO,Construcción,"Abrasivos, ENKO, stock-verificado",TRUE,Título,Default Title,SX275010060/UU,34.16,,10,deny,https://cfluna.com/enkotienda.com.uy/cdn/files/tmp/compressed/normal/l48w3lzatb1nwobfe2rk.jpg,1,,
en-disco-abrasivo-white-510-smirdex,Disco Abrasivo White 510 Smirdex,". Disco de lija  - Óxido de Aluminio. Uso: Madera, Automotriz, Náutica, Construcción. Disponible en 8 y 15 perforaciones . Indicada para  lijado de imprimaciones, masillas y barnices. Evita el empaste . Respaldo de film plástico ultra fino para máxima durabilidad. Se recomienda utilizar con la interface de 5mm para máxima performance",ENKO,Construcción,"Abrasivos, ENKO, stock-verificado",TRUE,Título,Default Title,SX510415080-UU,4.39,,10,deny,https://cfluna.com/enkotienda.com.uy/cdn/files/tmp/compressed/normal/7ke7ua3a0lqcmk85scs3.jpg,1,,
en-lija-banda-630-alox-smirdex,Lija banda 630 Alox  Smirdex,. Lija de banda de tela  - Óxido de Aluminio. Uso: Lijado de madera . Gran resitencia y poder de corte . Tela a base de algodón de gran resistencia . Excelente durabilidad,ENKO,Construcción,"Abrasivos, ENKO, stock-verificado",TRUE,Título,Default Title,SX630T0750457040/UU,27.21,,10,deny,https://cfluna.com/enkotienda.com.uy/cdn/files/tmp/compressed/normal/zgsg7p2bujoqoobd1o7c.jpg,1,,
en-lija-de-ceramica-740-smirdex,Lija de cerámica 740 Smirdex,". Hoja de lija- Cerámica . Tamaño: 230x280mm. Uso: Lijado de madera, automotriz y náutica. Máxima durabilidad y poder de corte . Recubrimiento anti- empaste a base de agua. Resiste alta presión sin empastar . Excelente removido de material",ENKO,Construcción,"Abrasivos, ENKO, stock-verificado",TRUE,Título,Default Title,SX740010060/UU,51.24,,10,deny,https://cfluna.com/enkotienda.com.uy/cdn/files/tmp/compressed/normal/x7a8ckmkqxah4menhpx4.jpg,1,,
en-disco-abrasivo-de-ceramica-125mm-740-smirdex,Disco abrasivo  de  Cerámica 125mm 740  Smirdex,". Disco de lija con velcro - Cerámica . Uso: Lijado de madera, automotriz y materiales compuestos. 8&nbsp; perforaciones . Máxima durabilidad y poder de lijado. Con recubrimiento anti - empaste a base de agua . Resistente a alta presión sin empastar . Excelente removido de material . Corte rápido de alta performance",ENKO,Construcción,"Abrasivos, ENKO, stock-verificado",TRUE,Título,Default Title,SX740428040-UU,3.17,,10,deny,https://cfluna.com/enkotienda.com.uy/cdn/files/tmp/compressed/normal/pk2a9wjgezb1qav1e4y9.png,1,,
en-disco-abrasivo-mat-922-smirdex,Disco abrasivo Mat 922 Smirdex,". Disco de lija esponja  - Carburo de silicio . Uso:  Lijado y reparación en húmedo en superficies barnizadas industria  automotriz y náutica . Excelente durabilidad y mateado uniforme . Máxima calidad de acabado liso y uniforme que facilita el pulido . Con recubrimiento anti - empaste a base de agua . Resistente a alta presión . Respaldo de film plástico ultra fino para máxima durabilidad . Para obtener mejores resultados, combinarlo la interface 950 de 5mm",ENKO,Construcción,"Abrasivos, ENKO, stock-verificado",TRUE,Título,Default Title,SX922412000/UU,38.8,,10,deny,https://cfluna.com/enkotienda.com.uy/cdn/files/tmp/compressed/normal/f3t4i6o793j8nc7p1qwn.jpg,1,,
en-disco-abrasivo-fiber-alox-930-smirdex,Disco abrasivo Fiber Alox 930 Smirdex,". Disco de lija - Óxido de aluminio. Uso: Lijado de madera, metal, hierro, soldaduras y superficies duras. Adecuado para aplicaciones de alta presión debido a su respaldo de fibra resistente al calor y muy rígido",ENKO,Construcción,"Abrasivos, ENKO, stock-verificado",TRUE,Título,Default Title,SX9300180040/UU,61.61,,10,deny,https://cfluna.com/enkotienda.com.uy/cdn/files/tmp/compressed/normal/lx24cw7sysgjwk833cby.jpg,1,,
en-disco-abrasivo-fiber-zirc-931-smirdex,Disco abrasivo Fiber Zirc 931 Smirdex,". Disco de lija - Alúmina de Zirconio. Uso: Lijado de madera, metal, Inox.. Tasas de corte rápida. Niveles excepcionales de rendimiento en el rectificado de metales. Excepcional vida útil",ENKO,Construcción,"Abrasivos, ENKO, stock-verificado",TRUE,Título,Default Title,SX9310115100/UU,23.79,,10,deny,https://cfluna.com/enkotienda.com.uy/cdn/files/tmp/compressed/normal/dlm6uwf99q72mypzfdhk.jpg,1,,
en-pasta-de-pulir-ceramic-wax-927-smirdex,Pasta de pulir Ceramic Wax 927 Smirdex,". Cera liquida de cerámica - Paso 4. Uso: Automotriz, Vidrios . Protege el acabo clear o transparente después de pulir sellándolo para prevenir el rayado y la aparición de hologramas con la posterior limpieza cotidiana. Capas transparentes, capas de gel, pinturas, protección de vidrio . Protege contra la intemperie y los rayos UV . Restaura la profundidad de color y el brillo de los automóviles . Efecto sellador y duradero sobre barnices pulidos. Resistencia a los arañazos . Genera un efecto hidrofóbico en la superficie aumentando la propiedad de repelencia al agua y la suciedad. Mejora el brillo final y la profundidad de los colores. Funciona tanto sobre lacas, pinturas como resinas gelcoat. Es recomendable aplicarlo manualmente con pad negro 951 o el paño de microfibra 953",ENKO,Construcción,"Pinturas, ENKO, stock-verificado",TRUE,Título,Default Title,SX927000250/UU,25.03,,10,deny,https://cfluna.com/enkotienda.com.uy/cdn/files/tmp/compressed/normal/vvtmjstq8eawtuztesrx.jpg,1,,
en-cinta-enmascarar-990-smirdex,Cinta enmascarar  990 Smirdex,. Cinta para enmascarar . Para pintar madera . Fácil de aplicar y despegar . Disponible en distintos tamaños  . Se adhiere rápidamente y con facilidad a superficies curvas e irregulares. No deja residuos al retirarla . Soporta hasta 80°C,ENKO,Construcción,"Otros, ENKO, stock-verificado",TRUE,Título,Default Title,SX990811950/UU,1.87,,10,deny,https://cfluna.com/enkotienda.com.uy/cdn/files/tmp/compressed/normal/fqexwoh4a62qm1yc9x51.jpg,1,,
en-interface-para-lijadora-rotorbital-smirdex,Interface para lijadora rotorbital Smirdex,". Interfase suave para lijadoras Rotorbital . Disponible en 33 y 97 perforaciones . 5mm y 10mm de espesor. Compatible con lijas con velcro,  todas las configuraciones del mercado. Ayuda al lijado en superficies curvas e irregulares. Ideal para lijas muy finas previo al proceso de pulido. Se coloca entre la placa de soporte de la lijadora y el disco abrasivo",ENKO,Construcción,"Abrasivos, ENKO, stock-verificado",TRUE,Título,Default Title,SX950125300/UU,11.55,,10,deny,https://cfluna.com/enkotienda.com.uy/cdn/files/tmp/compressed/normal/z84tds9xc9i26d82n8my.jpg,1,,
en-protector-de-plato-150mm-para-rotorbital-smirdex,Protector de plato 150mm  para rotorbital Smirdex,. Protector - Interface de plato. Uso: Mejora la adherencia de los discos y protege el plato . Ideal para discos de malla serie 750 . 97 perforaciones: compatible con todas las configuraciones del mercado. Ayuda al lijado en superficies curvas e irregulares,ENKO,Construcción,"Pinturas, ENKO, stock-verificado",TRUE,Título,Default Title,SX950150100/UU,9.61,,10,deny,https://cfluna.com/enkotienda.com.uy/cdn/files/tmp/compressed/normal/e2jsu9vcrwbosi5l1ppr.jpg,1,,
en-kit-polvo-guia-de-lijado-975-smirdex,Kit polvo guía de lijado 975 Smirdex,". Kit guía de polvo. Incluye aplicador . Uso: Permite visualizar las zonas lijadas de aquellas  no lijadas para una nivelación perfecta. Ideal para colores claros . Al aplicarlo, todas las imperfecciones y defectos en las superficies se visualizan fácilmente . Control del lijado en seco más fácil, rápido y con mayor precisión",ENKO,Construcción,"Abrasivos, ENKO, stock-verificado",TRUE,Título,Default Title,SX975000100/UU,30.96,,10,deny,https://cfluna.com/enkotienda.com.uy/cdn/files/tmp/compressed/normal/y99r8nfv13om8wdx3ltr.jpg,1,,
en-pad-celeste-para-pulido-951-smirdex,Pad Celeste para pulido 951 Smirdex,". Pad - Almohadilla Celeste . Dureza: media - dura. Medida: 150mmx25mm . Uso: para pulido paso 1 + 2 + 3. Elimina rayones profundos y prepara la superficie para las siguientes etapas del pulido . Celdas amplias que permiten mejor ventilación y reducción de la temperatura. Con la pasta de pulir 923 se eliminan rayones profundos, deslustre u oxidación para obtener un alto nivel de pulido, brillo y acabado idal. Con  la pasta 924 se eliminan rayones superficiales, repara pinturas y  se pule",ENKO,Construcción,"Otros, ENKO, stock-verificado",TRUE,Título,Default Title,SX951150200/UU,12.33,,10,deny,https://cfluna.com/enkotienda.com.uy/cdn/files/tmp/compressed/normal/jcme6hbr5n05l54as5a0.jpg,1,,
en-pad-blanco-para-pulido-951-smirdex,Pad Blanco para pulido 951 Smirdex,". Pad -- Almohadilla Blanca  Dura. Medida: 150mmx25mm. Uso: para pulido paso 1 + 2. Espuma blanca de celda abierta ideal para corte y pulido rápido. Con la pasta de pulir 923 se puede lograr un gran nivel de pulido, acabado y brillo, dejando la superficie lista para el paso 3 con pasta 924. Tiene la característica de cambiar su dureza dependiendo de la temperatura a la que se exponga. Expuesto a alta temperatura el pad se ablanda hasta el nivel ideal de pulido",ENKO,Construcción,"Otros, ENKO, stock-verificado",TRUE,Título,Default Title,SX951150100/UU,12.33,,10,deny,https://cfluna.com/enkotienda.com.uy/cdn/files/tmp/compressed/normal/v0xa1e5tjvfkkahnrql1.jpg,1,,
en-pad-naranja-para-pulido-951-smirdex,Pad Naranja para pulido 951 Smirdex,. Pad - Almohadilla  Naranja . Dureza: media. Medida: 150mmx25mm . Uso: para pulido paso 2 + 3. Máxima calidad de acabado . Celda cerrada para corte fino . Proporciona un brillo muy nítido a la superficie . Con la pasta de pulir 923 se eliminan rayones leves. Con la pasta de pulir 924 se logra resaltar el color y generar un gran brillo en los acabados,ENKO,Construcción,"Otros, ENKO, stock-verificado",TRUE,Título,Default Title,SX951150300/UU,12.33,,10,deny,https://cfluna.com/enkotienda.com.uy/cdn/files/tmp/compressed/normal/y88fua8kmjbq8vs6iz19.jpg,1,,
en-pad-negro-para-abrillantado-y-encerado-951-smirdex,Pad Negro para abrillantado y encerado 951 Smirdex,". Pad - Almohadilla  Negro. Dureza: Blanda. Medida: 150mmx25mm . Uso: para pulido paso 3 + 4. Muy suave y duradero . Su estructura de celdas permite el paso de aire a través del pad evitando que se sobrecaliente. Con la pasta de pulir 924 se eliminan hologramas en terminaciones . Con la pasta de pulir 927 se logra una protección completa, buena profundidad de color y brillo, sin riesgo de rayar el acabado",ENKO,Construcción,"Pinturas, ENKO, stock-verificado",TRUE,Título,Default Title,SX951150400/UU,12.33,,10,deny,https://cfluna.com/enkotienda.com.uy/cdn/files/tmp/compressed/normal/4v4hr29dko1npykr6bm6.jpg,1,,
en-pasta-de-pulir-perfect-finish-924-smirdex,Pasta de pulir Perfect Finish 924 Smirdex,. Pasta de pulir - Paso 3. Uso: Abrillantador de superficies . A base de agua y libre de siliconas . Adecuado para todo tipo de acabado transparente. Ideal para la remoción de hologramas . Puede ser aplicado luego de la pasta 923 o en acabados - lacas incoloras con grano 3000 o superior,ENKO,Construcción,"Otros, ENKO, stock-verificado",TRUE,Título,Default Title,SX924001000/UU,57.61,,10,deny,,,,
en-respaldo-plato-960-para-rotoribital-smirdex,Respaldo - Plato 960 para Rotoribital Smirdex,. Plato de soporte para lijadora Rotorbital Smirdex. 8 perforaciones - 125mm. Uso: Trabajos de lijado universal. Dureza: Media. Se recomienda usar con Protector - Interface de plato para mayor durabilidad . 2 estilos de pernos: 5/16 ´´UNF y M8 para adaptador FESTOOL,ENKO,Construcción,"Otros, ENKO, stock-verificado",TRUE,Título,Default Title,SX960150428/UU,29.0,,10,deny,https://cfluna.com/enkotienda.com.uy/cdn/files/tmp/compressed/normal/b3tw0jm27oae7wbfgbqk.jpg,1,,
en-respaldo-plato-profesional-multipad-960-smirdex,Respaldo - Plato  Profesional Multipad 960 Smirdex,". Plato de soporte Profesional Multipad para lijadora Rotorbital Smirdex.  150mm. Uso: Trabajos de lijado universal. Compatible con 6,7,8,9 y 15 perforaciones . Dureza: Media. Se recomienda usar con Protector - Interface de plato para mayor durabilidad . 2 estilos de pernos: 5/16 ´´UNF y M8 para adaptador FESTOOL",ENKO,Construcción,"Otros, ENKO, stock-verificado",TRUE,Título,Default Title,SX960150000/UU,70.37,,10,deny,https://cfluna.com/enkotienda.com.uy/cdn/files/tmp/compressed/normal/z85webxqvz679b8l9ga0.jpg,1,,
en-respaldo-plato-especial-960-para-rotorbital-smirdex,Respaldo - Plato Especial 960 para Rotorbital Smirdex,. Plato de soporte especial para abrasivos en malla  serie 750. 97 perforaciones - 150mm. Diseñado especialmente para lijas de Malla . Uso: Trabajos de lijado universal. Dureza: Media. Máximo efecto de extracción de polvo . Se recomienda usar con Protector - Interface de plato para mayor durabilidad . 2 estilos de pernos: 5/16 ´´UNF y M8 para adaptador FESTOOL,ENKO,Construcción,"Otros, ENKO, stock-verificado",TRUE,Título,Default Title,SX960150100/UU,70.37,,10,deny,https://cfluna.com/enkotienda.com.uy/cdn/files/tmp/compressed/normal/sc57ttm6hd4aunebgjkn.jpg,1,,
en-taco-de-lijado-manual-para-discos-smirdex,Taco de Lijado Manual para Discos Smirdex,". Taco para lijado manual con discos. Uso: Lijado manual con discos de velcro Smirdex. Disponible en 2 tamaños, para utilizar con disco tamaño 125mm (5´´) y 150mm (6´´). Agarre ergonómico y cómodo . Al evitar el efecto ondulado del papel de la lija es el ideal para lograr un lijado perfecto. Espuma de alta densidad",ENKO,Herramientas,"ENKO, stock-verificado",TRUE,Título,Default Title,SX967440001/UU,16.0,,10,deny,https://cfluna.com/enkotienda.com.uy/cdn/files/tmp/compressed/normal/bvvbvl7yyfsu2fkr32dx.jpg,1,,
en-taco-de-lijado-manual-con-velcro-y-extraccion-smirdex,Taco de Lijado Manual con Velcro y Extracción  Smirdex,. Taco para lijado con soporte de velcro y extracción Smirdex. Uso: Lijado con extracción de polvo . Compatible con todos las hojas abrasivas  de velcro y las mallas . Su base de terciopelo proporciona una superficie de lijado fiable para obtener mejores resultados y precisión en los detalles . Tamaño: 70x198mm - H8. Ergonómico para un mejor agarre. Liviano y resistente,ENKO,Herramientas,"ENKO, stock-verificado",TRUE,Título,Default Title,SX966440006/UU,66.43,,10,deny,https://cfluna.com/enkotienda.com.uy/cdn/files/tmp/compressed/normal/kivlgdgcknx1fzcas780.jpg,1,,
en-taco-de-lijado-manual-smirdex,Taco de Lijado Manual Smirdex,. Taco lijador manual con soporte de velcro Smirdex. Uso: Mejora la precisión del lijado . Compatible con hojas abrasivas con velcro y malla . Tamaño: 70x400mm. Resistente . Ergonómico . Cuerpo metálico,ENKO,Herramientas,"ENKO, stock-verificado",TRUE,Título,Default Title,SX966440002/UU,40.38,,10,deny,https://cfluna.com/enkotienda.com.uy/cdn/files/tmp/compressed/normal/5hwx5id28tb1i6kl34g5.jpg,1,,
en-pasta-de-pulir-heavy-cut-923-smirdex,Pasta de pulir Heavy cut 923 Smirdex,". Pasta de pulir - Paso 1 y 2 . Uso: reparación de capas de pintura de automoviles . A base de agua, libre de siliconas . Rendimiento de corte rápido con resultado brilloso. Elimina rayones de P1500 y abrasivos más finos . Regenera nitidez y el brillo del color. Restaura el brillo de la capa transparente del acabado de los automóviles . Evita la decoloración gradual de la capa transparente de los automóviles . Aumenta el efecto de repelencia al agua",ENKO,Construcción,"Otros, ENKO, stock-verificado",TRUE,Título,Default Title,SX923001000/UU,57.61,,10,deny,https://cfluna.com/enkotienda.com.uy/cdn/files/tmp/compressed/normal/ywnzi0svqjidm7gijzgg.jpg,1,,
en-disco-abrasivo-de-ceramica-150mm-740-smirdex,Disco abrasivo de  Cerámica 150mm 740 Smirdex,". Disco de lija con velcro - Cerámica . Uso: Lijado de madera, automotriz y materiales compuestos. 15 perforaciones . Máxima durabilidad y poder de lijado. Con recubrimiento anti - empaste a base de agua . Resistente a alta presión sin empastar . Excelente removido de material . Corte rápido de alta performance",ENKO,Construcción,"Abrasivos, ENKO, stock-verificado",TRUE,Título,Default Title,SX740415040-UU,4.0,,10,deny,https://cfluna.com/enkotienda.com.uy/cdn/files/tmp/compressed/normal/y4ju2npopmgvq6z298ju.jpg,1,,
en-disco-de-malla-de-ceramica-net-750-smirdex,Disco de malla de Cerámica Net 750 Smirdex,". Disco de malla con velcro - Cerámica . Uso: Lijado de madera . Concepto de lijado ´´malla´´ para máxima capacidad de extracción de polvo. Mínimo empaste . Baja temperatura de trabajo gracias a la ventilación que proporciona la malla . Óptimo rendimiento para lijado de materiales muy duros . Máxima durabilidad. Para obtener  mejores resultados, combinarlo con el respaldo de múltiples orificios 960 y la interface 950, disponibles para los discos 125 y 150mm.",ENKO,Construcción,"Abrasivos, ENKO, stock-verificado",TRUE,Título,Default Title,SX750410060-UU,4.51,,10,deny,https://cfluna.com/enkotienda.com.uy/cdn/files/tmp/compressed/normal/sd1r1ptbwqqzzogtqwvg.jpg,1,,
en-borma-detergente-intensivo-para-madera-exterior,Borma  - Detergente intensivo para madera exterior,". Uso: Detergente intensivo para madera exterior. Un solo componente con base de agua. Contiene ingredientes activos orgánicos. Permite una limpieza eficiente de superficies. Prepara la superficie para tratamientos posteriores. Elimina residuos de suciedad. Aclara el color natural de la madera. Diseñado específicamente para uso en exteriores. Se recomienda enjuagar la superficie luego de la aplicación. Certificación EN71-III: seguro para juguetes infantiles. Aplicación: Aplicar con pincel, luego cepillar y finalmente enjuagar",Borma,Construcción,"Otros, Borma, stock-verificado",TRUE,Título,Default Title,W0075/UU,28.14,,10,deny,https://cfluna.com/enkotienda.com.uy/cdn/files/tmp/compressed/normal/vblltu9r73ggfemu2gzr.jpg,1,,
en-bona-limpiador-concentrado-para-piso-vinilico,Bona - Limpiador concentrado para piso vinílico ,". Bona Clean R60. Uso: Limpiador para pisos vinílicos . Mantenimiento diario . Producto suave, soluble en agua. Limpia y protege en un solo paso. Aumenta ligeramente el brillo del suelo. Limpieza normal, 50 ml en 10 litros. Aplicación: Consultar ficha técnica",Bona,Construcción,"Pinturas, Bona, stock-verificado",TRUE,Título,Default Title,BEP550013001/01,36.3,,10,deny,https://cfluna.com/enkotienda.com.uy/cdn/files/tmp/compressed/normal/yfu20qoab9ds6cdyflka.png,1,,
en-pad-recambio-mopa-para-limpieza-azul-bona,Pad - Recambio Mopa para limpieza Azul Bona,Recambio Mopa Limpiador de Microfibra . Uso: Limpieza eficaz de superficies. Microfibra de dos zonas patentada para una limpieza perfecta. Fibras exteriores azul oscuro que rompen la suciedad. Fibras interiores azul claro que atrapan y absorben la tierra. No deja residuos en el suelo. Reutilizable hasta 500 veces. Diseño sostenible. Compatible con la familia de mopas Bona,ENKO,Construcción,"Otros, ENKO, stock-verificado",TRUE,Título,Default Title,BCA101020,17.29,,10,deny,https://cfluna.com/enkotienda.com.uy/cdn/files/tmp/compressed/normal/y3a2nk8zgsepj2yc70ld.png,1,,
en-pad-recambio-mopa-para-renovadores-bona,Pad - Recambio Mopa para renovadores Bona,"Recambio Mopa para renovadores . Uso: Aplicación de abrillantadores y restauradores en suelos de madera, laminados y superficies duras. Diseñado específicamente para la aplicación de restauradores y renovadores Bona. Aplica suavemente el producto, asegurando un acabado uniforme. Diseño sostenible, reutilizable hasta 500 veces. Lavable a máquina. Compatible con la gama de mopas Bona",ENKO,Construcción,"Otros, ENKO, stock-verificado",TRUE,Título,Default Title,BCA101025,17.37,,10,deny,https://cfluna.com/enkotienda.com.uy/cdn/files/tmp/compressed/normal/zy66hxde9646vs4c8p0k.png,1,,
en-pad-recambio-mopa-atrapapolvo-bona,Pad - Recambio Mopa Atrapapolvo Bona,"Recambio Mopa Atrapapolvo . Uso: Recoge polvo y suciedad de suelos y superficies duras. Recoge hasta un 50 % más de polvo y suciedad. Mediante electricidad estática atrapa la suciedad. Fibras cortas y largas para recoger distintos tipos de residuos. Ideal para pelo de mascotas, micropartículas y alérgenos habituales. Diseño sostenible, reutilizable hasta 500 veces. Compatible con la gama de mopas Bona",ENKO,Construcción,"Otros, ENKO, stock-verificado",TRUE,Título,Default Title,BCA101021,17.37,,10,deny,https://cfluna.com/enkotienda.com.uy/cdn/files/tmp/compressed/normal/89hxv1udsr1sbktkwpn5.png,1,,
en-limpiador-bona-para-robots-pisos-de-madera,Limpiador Bona para robots- pisos de madera,"Limpiador Bona para robots - piso de madera- Uso: Solución limpiadora concentrada para robot aspirador y trapeador para pisos de  madera - Modo de uso: Añadir un máximo de 10ml de limpiador concentrador en 200ml de agua.- Seca rápidamente, dejando los suelos relucientes, sin rayas ni residuo- pH equilibrado- Fragancia de madera de cedro fresca- Certificado GREENGUARD GOLD: garantiza un producto seguro para los usuarios y mascotas- Fabricado en Suecia",ENKO,Construcción,"Pinturas, ENKO, stock-verificado",TRUE,Título,Default Title,WM740173052,33.31,,10,deny,https://cfluna.com/enkotienda.com.uy/cdn/files/tmp/compressed/normal/ql0scaixgg4fd94t3ksh.png,1,,
en-limpiador-bona-para-robots-superficies-duras,Limpiador Bona para robots- superficies duras,"Limpiador Bona para robots - superficies duras&nbsp;Uso: Solución limpiadora concentrada para robot aspirador y trapeador para superficies duras: baldosas, cerámicas, laminado, linóleo, vinilo, mármol, etc.- Modo de uso: Añadir un máximo de 10ml de limpiador concentrador en 200ml de agua.- seca rápidamente, dejando los suelos relucientes, sin rayas ni residuo- pH equilibrado- Fragancia de limón y menta- Certificado GREENGUARD GOLD: garantiza un producto seguro para los usuarios y mascotas- Fabricado en Suecia",ENKO,Construcción,"Pinturas, ENKO, stock-verificado",TRUE,Título,Default Title,BWM740273052/UU,33.31,,10,deny,https://cfluna.com/enkotienda.com.uy/cdn/files/tmp/compressed/normal/h6b51hxeapakb5l545fe.png,1,,
en-limpiador-para-mobiliario-de-madera,Limpiador para mobiliario de madera,"Limpiador para mobiliario de madera. Uso: Limpiador de pH neutro para muebles de madera barnizados, lacados o tratados con aceite. Uso interior. . Mantenimiento fácil, rápido y efectivo. Limpia eficazmente la suciedad y grasa sin dañar la superficie. Protege y refresca. Ideal para limpieza diaria. Ecológico. Aroma a naranja. Fabricado en Italia",ENKO,Construcción,"Pinturas, ENKO, stock-verificado",TRUE,Título,Default Title,WNAT0060/UU,16.27,,10,deny,https://cfluna.com/enkotienda.com.uy/cdn/files/tmp/compressed/normal/o1j7kjic9k8iirge0q4v.png,1,,
en-borma-hard-top-oil-aceite-especial-para-muebles-y-elementos-de-cocina,Borma Hard Top Oil - Aceite especial para muebles y elementos de cocina,". Adecuado para mesas y superficies de cocina en general . A base de aceites naturales enriquecidos con resinas. Su especial formulación le brinda a la madera una elevada resistencia a la abrasión, y manchas de alimentos como ser agua, café, gaseosas, etc. Uso: Protección en muebles, encimeras de cocina, tablas de cortar y utensilios de madera. Acabado mate-satinado. Resalta la belleza de la madera manteniendo una elevada transparencia y efecto natural. Producto certificado para el contacto con alimentos de acuerdo a las normas europeas EN71.3, DIN53160 y DIN68861. Pronto uso. Fácil de limpiar y renovar. Aplicación: pincel o paño",Borma,Construcción,"Pinturas, Borma, stock-verificado",TRUE,Título,Default Title,W4916/UU,40.87,,10,deny,https://cfluna.com/enkotienda.com.uy/cdn/files/tmp/compressed/normal/se0nk6v44iwj3monqrxg.jpg,1,,
en-bona-renovador-refresh-para-pisos-de-madera,Bona Renovador (refresh) para pisos de madera,"Renovador (refresh) Bona para pisos de madera. Diseñado específicamente para pisos de madera barnizados. Uso: Reaviva el lustre y realza la belleza de superficies desgastadas. Producto pronto uso . Fácil de aplicar. No contiene cera. Ofrece protección continuada frente al desgaste. ¡Importante! Antes de usarlo, haz siempre una prueba de adhesión para asegurarte de obtener los resultados deseados. No lo utilices en suelos tratados previamente con cera o aceite. Certificación GREENGUARD GOLD: garantiza un producto seguro para los usuarios y mascotas. Fabricado en Suecia",Bona,Construcción,"Pinturas, Bona, stock-verificado",TRUE,Título,Default Title,BWP595013011/01,33.98,,10,deny,https://cfluna.com/enkotienda.com.uy/cdn/files/tmp/compressed/normal/50xe9f70gpxpvdpwr730.webp,1,,
en-bona-supersport-cleaner,Bona SuperSport Cleaner,". Detergente concentrado ligeramente alcalino, diseñado específicamente para la limpieza frecuente de superficies deportivas de interior. Elimina eficazmente la grasa y la mugre sin dejar una película grasienta o resbaladiza. Seguro para el suelo. Poca espuma. Consultar ficha técnica . Fabricado en Suecia",Bona,Construcción,"Otros, Bona, stock-verificado",TRUE,Título,Default Title,BWM763020001/5,167.63,,10,deny,https://cfluna.com/enkotienda.com.uy/cdn/files/tmp/compressed/normal/aj2u5xj5hjz1pzkmirpy.png,1,,
en-disco-abrasivo-de-ceramica-840-smirdex,Disco abrasivo de Cerámica 840 Smirdex,"Disco de cerámica 840. Uso: Madera, materiales compuestos, industria automotriz,  e industria naval. Pack 10U. Soporte de película de poliéster combinado con un grano cerámico de alto rendimiento. Producto de corte rápido. Larga vida útil. Acabado uniforme. Unión resina sobre resina para mayor durabilidad",ENKO,Construcción,"Abrasivos, ENKO, stock-verificado",TRUE,Título,Default Title,SX840415060-UU,4.94,,10,deny,https://cfluna.com/enkotienda.com.uy/cdn/files/tmp/compressed/normal/934i9uxf6b2dxk23k25i.png,1,,
